source,target
3,4
4,5
5,6
7,8
8,9
9,10
10,11
11,12
12,13
13,14
14,13
15,16
16,10
17,18
19,20
20,21
21,22
22,16
23,24
24,25
25,26
27,28
28,29
29,30
30,31
31,32
32,33
33,34
34,35
35,36
36,37
37,38
38,39
39,32
40,41
41,42
42,43
43,44
44,32
45,46
46,47
47,48
48,49
49,50
50,51
51,52
52,53
53,54
54,55
55,56
56,57
57,58
58,59
59,57
62,8
63,64
64,65
65,64
66,67
67,68
68,69
69,70
70,12
71,72
72,73
73,74
74,75
75,76
76,77
77,78
78,32
79,80
80,81
81,82
82,81
84,85
85,86
86,87
87,76
88,89
89,90
90,91
91,69
94,95
95,43
96,97
97,98
98,99
99,100
100,101
101,9
102,103
103,104
105,102
106,107
107,108
108,109
109,110
110,70
111,112
112,113
113,114
114,97
115,112
116,117
117,118
118,119
119,120
120,107
121,122
124,125
125,126
126,122
127,128
128,129
129,130
130,119
131,132
132,43
133,134
134,135
135,136
136,43
137,57
138,32
139,140
140,141
141,32
142,143
143,144
144,145
145,146
146,144
147,43
150,151
151,152
152,54
153,154
154,155
155,156
156,157
157,158
158,159
159,158
160,47
161,162
162,163
163,164
164,165
166,167
168,169
169,170
170,109
171,172
172,173
173,174
174,175
175,176
176,177
177,9
178,172
179,31
180,121
181,182
182,183
183,184
184,185
185,186
186,187
187,188
188,189
189,190
190,191
191,192
192,32
193,121
194,195
195,196
196,197
197,198
198,199
199,200
200,201
201,202
202,203
203,204
204,31
205,107
206,151
207,208
208,198
209,210
210,211
211,212
212,213
213,214
214,215
215,216
216,217
217,218
218,32
219,220
220,221
221,222
222,223
223,224
224,54
225,226
226,53
227,228
228,229
229,230
230,231
231,232
232,233
233,234
234,32
235,236
236,237
237,238
238,239
239,240
240,241
241,242
242,243
243,244
244,245
245,246
246,192
247,248
248,219
249,57
250,151
251,226
252,253
253,254
254,255
255,256
256,257
257,256
258,259
259,260
260,231
261,262
262,263
263,107
264,265
265,266
266,267
267,268
268,269
269,270
270,271
271,272
272,12
273,274
274,275
275,276
276,277
277,107
278,151
279,280
280,281
281,282
282,32
283,284
284,285
285,286
286,57
287,270
288,289
289,290
291,292
292,293
293,294
294,295
295,296
296,165
297,298
298,299
299,300
300,200
301,302
302,303
303,304
304,305
305,304
306,307
307,284
308,309
309,310
310,311
311,312
312,313
313,314
314,315
315,57
316,299
317,318
318,203
319,320
320,321
321,322
322,323
323,324
324,325
325,99
326,327
327,322
328,320
329,52
330,331
331,332
332,304
333,334
334,335
335,336
336,337
337,165
338,339
339,340
340,219
341,4
342,4
343,344
344,345
345,346
346,347
347,348
348,349
350,351
351,352
352,219
353,303
354,355
355,347
356,357
357,76
358,359
359,360
360,361
361,360
362,363
363,302
364,365
365,366
366,260
367,368
368,369
370,371
372,373
374,375
376,377
378,379
380,4
381,382
383,384
385,121
386,387
388,389
390,391
392,244
393,53
394,395
396,397
398,399
400,401
402,107
403,404
405,406
407,299
408,107
409,410
411,412
413,414
415,226
416,417
418,419
420,169
421,422
423,420
424,177
425,426
427,428
429,430
431,431
432,433
434,435
436,437
438,439
440,32
441,442
443,444
445,169
446,259
447,437
448,169
449,226
450,451
452,107
453,454
455,420
456,457
458,459
460,461
462,463
464,465
466,467
468,469
470,471
472,473
474,475
476,107
478,357
479,480
481,25
482,483
484,485
486,331
487,483
488,483
489,483
490,331
491,492
493,494
495,107
496,497
498,303
499,500
501,141
502,107
503,504
505,269
506,145
507,508
509,507
510,511
512,513
514,515
516,41
517,518
519,520
521,522
524,525
525,526
526,527
527,528
528,323
529,304
530,531
531,16
532,533
533,4
534,49
535,536
536,4
537,500
538,539
539,540
540,541
541,35
543,324
544,545
545,546
546,547
547,366
548,549
549,550
550,551
551,552
552,553
553,554
554,152
555,556
556,31
557,558
558,245
559,560
560,561
561,562
563,564
564,565
565,540
566,526
567,568
568,569
569,108
570,568
571,572
572,573
573,574
574,575
575,576
576,38
577,202
578,579
579,580
580,43
581,582
582,583
583,584
584,585
585,586
586,526
587,588
588,589
589,565
590,172
591,592
592,593
593,569
594,31
595,596
596,597
597,598
598,599
599,600
600,32
601,52
602,603
603,604
604,202
605,606
606,607
607,606
608,609
609,610
610,611
611,53
612,32
613,290
614,454
615,444
616,617
617,246
618,619
619,620
620,619
621,597
622,623
623,624
624,443
625,626
626,627
627,628
628,31
629,630
630,631
631,632
632,633
633,632
634,635
635,636
636,637
637,165
638,533
639,536
640,641
641,642
642,643
643,644
645,646
646,647
647,165
648,649
649,366
650,651
651,652
652,653
653,54
654,444
655,316
656,657
657,658
658,234
659,13
660,192
662,31
663,320
664,420
665,172
666,667
667,668
668,309
669,331
670,596
671,672
672,32
673,674
674,619
675,676
676,675
677,678
678,335
679,473
680,541
681,336
682,683
683,684
685,686
686,687
687,688
688,689
689,690
690,691
691,692
692,693
693,43
694,695
695,696
696,697
697,152
698,478
699,700
700,701
701,702
702,703
703,704
704,174
705,706
706,707
707,708
708,707
709,710
710,711
711,712
712,31
713,714
714,715
715,96
716,357
717,718
718,719
719,720
720,721
721,722
722,723
723,724
724,725
725,100
726,727
727,118
728,729
729,244
730,377
731,303
732,72
733,734
734,735
735,736
736,737
737,738
738,69
739,740
740,741
741,742
742,743
743,744
744,744
745,746
747,256
748,749
749,750
750,222
751,107
752,753
753,411
754,43
755,172
756,757
757,758
759,760
760,761
761,760
762,763
763,332
764,665
765,766
766,767
767,768
768,769
770,8
771,772
772,158
773,774
774,36
775,776
776,777
777,53
778,779
779,43
780,569
781,782
782,43
783,784
784,785
785,786
786,787
787,788
788,789
789,790
790,11
791,351
792,793
793,794
794,53
795,172
796,797
797,412
798,4
799,800
800,801
801,802
802,304
803,219
804,31
805,31
806,807
807,439
808,809
809,107
810,811
811,332
812,813
813,814
815,816
816,817
817,31
818,819
819,335
820,821
821,303
822,821
823,821
824,821
825,821
826,821
827,821
828,821
829,821
830,303
831,821
832,821
833,821
834,821
835,821
836,821
837,821
838,821
839,840
840,841
841,335
842,843
843,619
844,420
845,846
846,847
847,848
848,849
849,174
850,851
851,852
852,13
853,854
854,855
855,856
856,53
857,331
858,859
859,860
860,861
861,862
862,863
863,864
864,176
865,866
866,867
868,866
869,866
870,866
871,872
872,335
873,874
874,335
875,866
876,866
877,878
878,879
879,880
880,881
881,38
882,883
883,884
884,885
885,886
886,887
888,889
889,439
890,627
891,892
892,707
893,894
894,895
895,216
896,897
897,70
898,899
899,526
900,901
901,55
902,900
903,51
904,905
905,906
906,907
907,47
908,597
910,132
911,54
912,913
913,914
914,915
915,219
916,49
917,899
918,919
919,231
920,921
921,285
922,923
923,299
924,172
925,32
926,927
927,928
928,31
929,930
930,931
931,932
932,744
933,536
934,935
935,163
936,937
937,53
938,939
939,940
940,941
941,940
942,943
943,944
944,31
945,151
946,947
947,948
948,949
949,203
950,107
951,952
952,953
953,954
954,955
956,25
957,107
958,909
959,948
960,689
961,890
962,963
963,964
964,965
965,966
966,967
967,57
968,969
969,970
970,107
971,972
972,973
973,335
974,975
975,302
976,977
977,978
978,525
979,980
980,981
981,982
982,983
983,862
984,985
985,741
986,987
987,561
988,989
989,990
990,991
991,992
992,993
993,994
994,620
995,43
996,331
997,331
998,172
999,1000
1000,107
1001,1002
1002,53
1003,31
1004,890
1005,1006
1006,144
1007,159
1008,1009
1009,1010
1010,231
1011,136
1012,1013
1013,648
1014,1015
1015,1016
1016,1017
1017,652
1018,1019
1019,1020
1020,1021
1021,773
1022,43
1023,412
1024,31
1025,1026
1026,1027
1027,163
1028,57
1029,1030
1030,1031
1031,1032
1032,260
1033,1034
1034,1035
1036,473
1037,494
1038,1039
1039,604
1040,922
1041,1042
1042,32
1043,1044
1044,274
1045,1046
1046,1047
1047,1048
1048,51
1049,395
1050,1051
1051,604
1052,1051
1053,1054
1054,244
1055,303
1056,357
1057,1058
1058,1059
1059,1060
1060,224
1061,1062
1062,843
1063,1064
1064,530
1065,1066
1066,1067
1067,218
1068,16
1069,569
1070,420
1071,1072
1072,1073
1073,1074
1074,1075
1075,31
1076,202
1077,16
1078,1079
1079,335
1080,57
1081,1082
1082,558
1083,1084
1084,57
1085,1086
1086,568
1087,1088
1088,1089
1089,1090
1090,514
1091,121
1092,1093
1093,1094
1094,1095
1095,1096
1096,43
1097,1098
1098,163
1099,1100
1100,1101
1101,593
1103,1104
1104,1105
1105,304
1106,172
1107,107
1108,697
1109,1110
1110,797
1111,107
1112,1113
1113,1114
1114,1115
1115,222
1116,1117
1117,282
1118,1119
1119,1120
1120,371
1121,1122
1122,785
1123,1124
1124,1125
1125,620
1126,1123
1127,1128
1128,1129
1129,1130
1130,1131
1131,296
1132,1133
1133,145
1134,4
1135,1136
1136,1137
1137,1138
1138,704
1139,151
1140,1141
1141,1142
1142,1143
1143,1144
1144,203
1145,245
1146,1147
1147,9
1148,1149
1149,1150
1151,1152
1152,1153
1153,1154
1154,1155
1155,282
1156,303
1157,1158
1158,949
1159,1160
1160,1161
1161,412
1162,295
1163,1164
1164,1163
1165,1166
1166,1167
1167,1168
1168,1169
1169,1170
1170,789
1171,32
1172,304
1173,1174
1174,176
1175,536
1176,1177
1177,1178
1178,1179
1179,911
1180,1181
1181,1017
1182,1183
1183,51
1184,904
1185,1186
1186,9
1187,1188
1188,624
1189,43
1190,588
1191,203
1192,1193
1193,949
1194,420
1195,1196
1196,1197
1197,1198
1198,1199
1199,662
1200,963
1201,1202
1202,1203
1203,305
1204,1205
1205,1206
1206,1207
1208,400
1209,295
1210,202
1211,1212
1212,414
1213,1214
1214,299
1215,53
1216,82
1217,151
1218,151
1219,1220
1220,518
1221,529
1222,522
1223,561
1224,1225
1225,525
1226,1227
1227,541
1228,1229
1229,1230
1230,1231
1231,1232
1232,1233
1233,1234
1234,37
1235,860
1236,254
1237,20
1238,1239
1239,20
1240,1241
1241,1242
1242,1243
1243,1242
1244,1245
1245,1246
1246,1186
1247,439
1248,1249
1249,1250
1250,1251
1251,1094
1252,1253
1253,1254
1254,1255
1255,1256
1256,192
1257,128
1258,107
1259,1260
1260,1261
1261,172
1262,1263
1263,1264
1264,8
1265,923
1266,37
1267,1268
1268,1250
1269,284
1270,1271
1272,1273
1273,1274
1274,1275
1275,1276
1276,1277
1277,57
1278,331
1279,1280
1280,295
1281,172
1282,331
1283,1271
1284,1285
1285,620
1286,1287
1287,763
1288,331
1289,1290
1290,101
1291,1292
1292,53
1293,53
1294,172
1295,53
1296,1297
1297,1298
1299,993
1300,1301
1301,1302
1302,1303
1303,284
1304,172
1305,1306
1306,260
1307,1308
1308,120
1309,57
1310,132
1311,1312
1312,1313
1313,1314
1314,1124
1315,1316
1316,653
1317,1318
1319,1320
1320,1321
1321,1322
1322,1323
1323,53
1324,1325
1325,990
1326,1327
1327,1328
1328,1329
1329,132
1330,1331
1331,172
1332,1333
1333,1334
1334,1335
1335,174
1336,1337
1337,1338
1338,1339
1339,1340
1340,1105
1341,336
1342,1343
1343,1344
1344,1345
1345,107
1346,1347
1347,1348
1348,1349
1349,1350
1350,1351
1351,1352
1352,1353
1353,1354
1354,1355
1355,600
1356,1357
1357,1356
1358,767
1359,508
1360,25
1361,151
1362,151
1363,1364
1364,1365
1365,473
1366,1367
1367,990
1368,1369
1369,1301
1371,1277
1372,439
1373,1374
1374,624
1375,1376
1376,990
1377,1086
1378,1379
1379,569
1381,768
1382,1383
1383,5
1384,1385
1385,1386
1386,589
1387,1388
1388,1389
1390,295
1391,511
1392,140
1393,1046
1394,1017
1395,1315
1396,1397
1397,31
1398,1399
1399,8
1400,1401
1401,1402
1402,1403
1403,1404
1404,1114
1405,1406
1406,1407
1407,192
1408,1409
1409,411
1410,1411
1411,1412
1412,540
1413,1414
1414,1415
1415,145
1416,1417
1417,1418
1418,32
1419,1420
1421,1422
1422,1423
1423,1424
1424,1425
1425,1426
1426,1427
1427,620
1428,151
1429,1430
1430,43
1431,371
1432,1433
1433,1434
1434,219
1435,1436
1436,377
1437,1430
1438,1439
1439,1440
1440,1441
1441,1442
1442,1443
1443,1444
1444,508
1445,1446
1446,1447
1447,1448
1448,1449
1449,1450
1450,1451
1451,203
1452,1397
1453,794
1454,1455
1455,937
1456,508
1457,1113
1458,51
1459,1460
1460,1461
1461,1462
1462,1463
1463,1464
1464,335
1465,70
1466,331
1467,331
1468,118
1469,340
1470,107
1471,618
1472,1473
1473,1474
1474,144
1475,1476
1476,1477
1477,73
1478,73
1479,331
1480,1481
1481,335
1482,1483
1483,463
1484,120
1486,120
1487,672
1488,536
1489,536
1490,325
1491,1492
1492,324
1493,1492
1494,134
1495,134
1496,1497
1497,282
1498,347
1499,1185
1500,1501
1501,305
1502,1503
1503,1316
1504,1185
1505,1506
1506,1507
1507,1508
1508,1509
1509,1510
1510,32
1511,624
1512,1223
1513,1160
1514,950
1515,1516
1516,1517
1517,1518
1518,1519
1519,37
1520,107
1521,1137
1522,1523
1523,39
1524,331
1525,172
1526,172
1527,172
1528,948
1529,126
1530,1531
1531,1128
1532,540
1533,285
1534,1415
1535,1536
1536,202
1537,57
1538,1539
1539,1540
1540,275
1541,1160
1542,1543
1543,1544
1544,1545
1545,119
1546,569
1547,107
1548,536
1549,1051
1550,318
1551,1552
1552,692
1553,1554
1554,1555
1555,1556
1556,1443
1557,1558
1558,1559
1559,246
1560,1376
1561,1562
1562,1563
1563,1564
1564,1565
1565,1566
1566,1567
1567,1568
1568,1569
1569,38
1570,303
1571,1572
1572,1573
1573,1574
1574,51
1575,1576
1576,1577
1577,1578
1578,1577
1579,1580
1580,664
1581,1160
1582,363
1583,1584
1584,648
1585,816
1586,1587
1587,1588
1588,218
1589,151
1590,391
1591,1592
1592,483
1593,1594
1594,245
1595,72
1596,72
1597,1598
1598,1598
1599,667
1600,1601
1601,76
1602,1603
1603,76
1604,1605
1605,25
1606,31
1607,463
1608,331
1609,1541
1610,224
1611,1160
1612,1613
1613,1614
1614,1615
1615,1616
1617,357
1618,1160
1619,324
1620,1621
1621,31
1622,331
1623,170
1624,1625
1625,1626
1626,1627
1627,1628
1628,1629
1629,923
1630,107
1631,1632
1632,447
1633,1634
1634,120
1635,49
1636,1637
1637,1638
1638,335
1639,400
1640,1641
1641,1642
1642,1643
1643,880
1644,1645
1645,87
1646,1645
1647,1648
1648,1649
1649,1650
1650,1651
1651,1652
1652,1653
1653,750
1654,1293
1655,1656
1657,1658
1658,937
1659,371
1660,371
1661,1662
1662,1464
1663,444
1664,1665
1665,1666
1666,1667
1667,1668
1668,76
1669,107
1670,1671
1671,1672
1672,1673
1673,576
1674,1277
1675,4
1676,1271
1677,697
1679,234
1680,592
1681,1682
1682,1683
1683,1684
1684,219
1685,1686
1686,1254
1687,536
1688,1689
1689,1381
1690,1691
1691,37
1692,463
1693,1433
1694,52
1695,1022
1696,793
1697,687
1698,536
1699,1700
1700,1701
1701,335
1702,331
1703,57
1704,1705
1706,1707
1707,1708
1708,1707
1709,580
1710,580
1711,340
1712,633
1713,1714
1714,1715
1715,990
1716,316
1717,1718
1718,119
1719,1545
1720,407
1721,1146
1722,950
1723,331
1724,331
1725,418
1726,767
1727,568
1728,1729
1729,384
1730,5
1731,1198
1732,1733
1733,691
1734,226
1735,1736
1736,846
1737,1738
1738,43
1739,1740
1740,1741
1741,1742
1742,1743
1743,802
1744,1745
1745,1746
1746,741
1747,1229
1748,741
1749,1750
1750,1751
1751,740
1752,1753
1753,740
1754,1755
1755,740
1756,1757
1757,740
1758,1759
1759,740
1760,1761
1761,1751
1762,1763
1763,1751
1764,1765
1765,740
1766,1767
1767,740
1768,1769
1769,1770
1770,1771
1771,253
1772,1773
1773,740
1774,1775
1775,740
1776,1777
1777,740
1778,1779
1779,1780
1780,1781
1781,1782
1782,508
1783,1784
1784,740
1785,1786
1786,1787
1787,1788
1788,1789
1789,1790
1790,199
1791,1792
1792,740
1793,1794
1794,740
1795,1796
1796,740
1797,1798
1798,473
1799,1800
1800,740
1801,1802
1802,1803
1803,335
1804,1805
1805,740
1806,1807
1807,473
1808,1809
1809,740
1810,1811
1811,740
1812,1813
1813,740
1814,1815
1815,1816
1816,740
1817,1818
1818,740
1819,1820
1820,1821
1821,335
1822,1823
1823,1751
1824,1825
1825,1751
1826,1827
1827,740
1828,51
1829,1738
1830,536
1831,1832
1832,82
1833,1834
1834,1835
1835,1836
1836,550
1837,1838
1838,847
1839,1840
1840,347
1841,560
1842,507
1843,1844
1844,439
1846,172
1847,1614
1848,1849
1849,395
1850,1851
1851,1852
1852,1853
1853,1854
1854,1855
1855,1856
1856,1853
1857,1185
1858,1859
1859,1185
1860,671
1861,1862
1862,1863
1863,1864
1864,1865
1865,1866
1866,1178
1867,49
1868,177
1870,1871
1871,163
1872,47
1873,414
1874,172
1875,172
1876,172
1877,1878
1878,371
1879,1277
1880,1881
1881,1882
1882,1263
1883,949
1884,357
1885,847
1886,1887
1887,335
1888,1889
1889,1160
1890,1891
1891,1892
1892,1893
1893,1894
1894,219
1895,468
1896,269
1897,1898
1898,1899
1899,950
1900,1901
1901,1902
1902,1232
1903,569
1904,1905
1905,169
1906,13
1907,1908
1908,304
1909,1206
1910,107
1911,525
1912,285
1913,8
1914,31
1915,419
1916,129
1917,303
1918,1919
1919,582
1920,1016
1921,1919
1922,1923
1923,163
1924,303
1925,485
1926,1627
1927,483
1928,244
1929,295
1930,1627
1931,1932
1932,1933
1933,1934
1934,1933
1935,1936
1936,43
1937,107
1938,72
1939,1940
1940,1941
1941,1942
1942,1943
1943,1944
1944,13
1945,1510
1947,1948
1948,163
1949,1950
1950,1951
1951,34
1952,1953
1953,1381
1954,1397
1955,1956
1956,1957
1957,1060
1958,1534
1959,202
1961,51
1962,1963
1963,1964
1964,164
1965,1966
1966,1967
1967,1968
1968,1969
1969,1970
1970,217
1971,1972
1972,1973
1973,583
1974,57
1975,1976
1976,36
1977,1978
1978,1979
1979,1615
1980,1393
1981,1982
1982,1983
1983,1984
1984,1985
1985,1335
1986,172
1987,169
1988,172
1989,172
1990,1991
1991,1503
1992,82
1993,1994
1994,443
1995,802
1996,661
1997,12
1998,1999
1999,1614
2000,1613
2001,658
2002,2003
2003,163
2004,1503
2005,31
2006,1881
2007,331
2008,1613
2009,2010
2010,1364
2011,2012
2012,1606
2013,82
2014,51
2015,31
2016,96
2017,767
2018,2019
2019,2020
2021,917
2022,2023
2023,9
2024,439
2025,536
2026,580
2027,132
2028,1047
2029,172
2030,1047
2031,2032
2032,340
2033,2034
2034,2035
2035,802
2036,172
2037,172
2038,357
2039,357
2040,2041
2041,927
2042,2040
2043,1634
2044,1878
2045,412
2046,2047
2047,2048
2048,461
2049,2050
2050,1328
2051,558
2052,2053
2053,177
2054,2055
2055,53
2056,899
2057,2030
2058,2030
2059,1689
2060,2061
2061,2062
2062,2063
2063,508
2064,2065
2065,1933
2066,16
2067,2068
2068,2069
2069,2070
2070,2071
2071,2072
2072,2073
2073,44
2074,2075
2075,684
2076,1086
2077,2078
2078,1614
2079,420
2080,331
2081,4
2082,340
2083,483
2084,2085
2085,2086
2086,2087
2087,2088
2088,2087
2089,4
2090,1054
2091,244
2092,1054
2093,1147
2094,2095
2095,2096
2096,2043
2097,176
2098,1423
2099,2100
2100,36
2101,43
2102,107
2103,331
2104,331
2105,2106
2106,785
2107,2108
2108,53
2109,2108
2110,2111
2111,53
2112,1277
2113,2114
2114,1563
2115,2116
2116,2117
2117,2118
2118,2117
2119,2120
2120,53
2121,1892
2122,290
2123,1153
2124,219
2125,1849
2126,2127
2127,2128
2128,1298
2129,2130
2130,420
2131,304
2132,2133
2133,2134
2134,234
2135,1919
2136,32
2137,2138
2138,36
2139,1433
2140,2120
2141,2120
2142,100
2143,42
2145,172
2146,2147
2147,2148
2148,2149
2149,78
2150,518
2151,518
2152,2153
2153,2154
2154,54
2155,1328
2156,1158
2157,2158
2158,2159
2159,2160
2161,53
2162,2163
2163,194
2164,797
2165,2166
2166,2167
2167,49
2168,1789
2169,53
2170,53
2171,1015
2172,2173
2173,13
2174,2175
2175,2176
2176,107
2177,245
2178,387
2179,2180
2180,1077
2181,2182
2182,2183
2183,1448
2184,53
2185,53
2186,1186
2187,2188
2188,32
2189,107
2190,107
2191,1878
2192,545
2193,1867
2194,2195
2195,525
2196,2197
2197,1178
2198,107
2199,2035
2200,569
2201,814
2202,2203
2203,2201
2204,2201
2205,172
2206,177
2208,2209
2209,2210
2210,295
2211,2209
2212,331
2213,2214
2214,177
2215,2216
2216,2217
2218,2219
2219,2220
2220,295
2221,2222
2222,2019
2223,120
2224,165
2225,59
2226,51
2227,2228
2228,42
2229,2230
2230,1082
2231,2232
2232,70
2233,357
2234,2235
2235,2236
2236,2237
2237,2238
2238,272
2239,2240
2240,2241
2241,2242
2242,2243
2243,192
2244,463
2245,2246
2246,335
2247,1821
2248,1721
2249,2232
2250,107
2251,763
2252,331
2253,339
2254,395
2255,2220
2256,2257
2257,2258
2258,2259
2259,1095
2260,2261
2261,2262
2262,2263
2263,2264
2264,42
2265,1406
2266,1943
2267,900
2268,2269
2269,1047
2270,2271
2271,31
2272,2273
2273,335
2274,2275
2275,2276
2276,2277
2277,2278
2278,129
2279,25
2280,2281
2281,2282
2282,2283
2283,2284
2284,2285
2285,520
2286,2287
2287,2288
2288,2289
2289,2290
2290,192
2291,2287
2292,1849
2293,2287
2294,1849
2295,2287
2296,2297
2297,395
2298,1849
2299,2300
2300,680
2301,419
2302,2303
2303,1849
2304,270
2305,2306
2306,2307
2307,2308
2308,1193
2309,202
2310,1414
2311,299
2312,794
2313,163
2314,463
2315,163
2316,335
2317,163
2318,335
2319,1964
2320,163
2321,163
2322,163
2323,1964
2324,163
2325,163
2326,163
2327,163
2328,163
2329,163
2330,163
2331,709
2332,1964
2333,163
2334,163
2335,163
2336,1964
2337,303
2338,163
2339,1940
2340,1412
2341,2342
2342,2343
2343,576
2344,2345
2345,335
2346,132
2347,2050
2348,1327
2349,128
2350,136
2351,126
2352,121
2353,2354
2354,2355
2355,546
2356,2106
2357,1889
2358,331
2359,2360
2360,1689
2361,439
2362,439
2363,31
2364,31
2365,357
2366,377
2367,2368
2368,2369
2369,2370
2370,1404
2371,911
2372,4
2373,130
2374,163
2375,2376
2376,2377
2377,2378
2378,2377
2379,2380
2381,2382
2382,198
2383,107
2384,763
2385,533
2386,1252
2387,2388
2388,1335
2389,2390
2390,2391
2391,1364
2392,2393
2393,1348
2394,331
2395,331
2396,2397
2397,2398
2398,2399
2399,1020
2400,2401
2401,2402
2402,304
2403,2404
2404,1490
2405,1060
2406,32
2407,49
2408,2034
2409,2410
2410,2411
2411,2412
2412,1137
2413,324
2414,2415
2415,2416
2416,2417
2417,2418
2418,2419
2419,2420
2420,1384
2421,2422
2422,2423
2423,525
2424,520
2425,766
2426,768
2427,883
2428,2429
2429,2430
2430,43
2431,2432
2432,2433
2433,43
2434,624
2435,2436
2436,412
2437,1154
2438,589
2439,763
2440,420
2441,331
2442,2443
2443,203
2444,2445
2445,2446
2447,53
2448,2449
2449,2450
2450,2451
2451,526
2452,106
2453,2454
2454,767
2455,619
2456,2457
2457,767
2458,2459
2459,508
2460,49
2461,49
2462,1936
2463,192
2464,331
2465,2466
2466,199
2467,72
2468,253
2469,2470
2470,163
2471,90
2472,2473
2473,520
2474,400
2475,299
2476,2477
2477,2478
2478,2479
2479,224
2480,525
2481,1142
2482,1943
2483,331
2484,2485
2485,606
2486,1838
2487,2488
2488,2485
2489,43
2490,200
2491,604
2492,28
2493,2494
2494,2495
2495,1450
2496,2497
2497,1838
2498,2497
2499,2500
2500,2501
2501,201
2502,2503
2503,147
2504,2505
2505,2506
2506,624
2507,2508
2508,42
2509,2510
2510,2511
2511,2512
2512,540
2513,2514
2514,909
2515,2516
2516,42
2517,2518
2518,2519
2519,129
2520,2521
2521,2522
2522,443
2523,97
2524,2525
2525,324
2526,1838
2527,2528
2528,2529
2529,228
2530,2531
2531,624
2532,2533
2533,147
2534,2516
2535,2536
2536,2537
2537,107
2539,2540
2540,2541
2541,2542
2542,234
2543,2544
2544,57
2545,604
2546,457
2547,459
2548,336
2549,2283
2550,2551
2551,2552
2552,2553
2553,322
2554,604
2555,1450
2556,2557
2557,624
2558,2307
2559,2560
2560,2561
2561,2562
2562,721
2563,2564
2564,2565
2565,688
2566,43
2567,114
2568,2506
2569,147
2570,2571
2571,1838
2572,147
2573,2574
2574,129
2575,2576
2576,2577
2577,1490
2578,2551
2579,2574
2580,624
2581,1095
2582,2541
2583,2584
2584,42
2585,43
2586,2587
2587,2585
2588,129
2589,2590
2590,624
2591,624
2592,2593
2593,443
2594,2595
2595,2494
2596,2597
2597,540
2598,995
2599,2600
2600,654
2601,710
2602,1606
2603,2508
2604,2515
2605,201
2606,8
2607,2608
2608,2551
2609,2610
2610,2611
2611,53
2612,2613
2613,2614
2614,172
2615,467
2616,646
2617,420
2618,2619
2619,2620
2621,1838
2622,624
2623,42
2624,2625
2625,692
2626,2598
2627,2628
2628,2629
2629,42
2630,371
2631,2531
2632,2557
2633,42
2634,2635
2635,2551
2636,43
2637,2638
2638,1095
2639,2640
2640,692
2641,2485
2642,200
2643,1051
2644,1009
2645,603
2646,2647
2647,2648
2648,2649
2649,604
2650,2551
2651,2587
2652,2653
2653,2654
2654,1095
2655,2656
2656,147
2657,2259
2658,2659
2659,594
2660,597
2661,707
2662,1000
2663,947
2664,597
2665,2666
2666,1271
2667,31
2668,51
2669,2670
2670,2671
2671,43
2672,2307
2673,2674
2674,2675
2675,2511
2676,2677
2678,2679
2679,2680
2680,2681
2681,1561
2682,1738
2683,2684
2684,2685
2685,201
2686,2687
2687,2688
2688,2640
2689,2429
2690,2584
2691,122
2692,624
2693,2694
2694,2581
2695,2696
2696,101
2697,2557
2698,2518
2699,1022
2700,2518
2701,2702
2702,2703
2703,2704
2704,101
2705,1993
2706,763
2707,70
2708,53
2709,1942
2710,2711
2711,2712
2712,47
2713,1862
2714,1851
2715,2012
2716,51
2717,51
2718,177
2719,47
2720,1953
2721,31
2722,31
2723,2166
2724,1406
2725,592
2726,2727
2727,2259
2728,1994
2729,114
2730,2731
2731,2494
2732,2733
2733,2734
2734,2607
2735,2736
2736,2737
2737,147
2738,2739
2739,624
2740,2741
2742,2557
2743,2595
2744,2585
2745,2746
2746,2747
2747,2551
2748,680
2749,2750
2750,2751
2751,443
2752,624
2753,1450
2755,2756
2756,2757
2757,1193
2758,2759
2759,2760
2760,692
2761,1058
2762,2763
2763,2764
2764,2765
2765,624
2766,2767
2767,2638
2768,97
2769,2770
2770,1463
2771,2772
2772,2259
2773,97
2774,2551
2775,2776
2776,2777
2777,2778
2778,119
2779,624
2780,624
2781,2658
2782,2584
2783,114
2784,2551
2785,1058
2786,2508
2787,43
2788,624
2789,2733
2790,2791
2791,631
2792,2518
2793,2600
2794,2795
2795,2796
2796,2795
2797,2786
2798,42
2799,2656
2800,2801
2801,654
2802,2803
2803,2803
2804,2508
2805,2806
2806,2807
2807,2808
2808,2809
2809,1448
2810,2811
2811,623
2812,42
2813,51
2814,107
2815,763
2816,2817
2817,687
2818,2264
2819,2597
2820,2821
2821,2522
2822,2823
2823,2824
2824,1920
2825,2826
2826,2510
2827,624
2828,2551
2829,2521
2830,2831
2831,2752
2832,2833
2833,2143
2834,2770
2835,1058
2836,2564
2837,624
2838,2839
2839,2840
2840,623
2841,2842
2842,2843
2843,2844
2844,2845
2845,2376
2846,2262
2847,847
2848,2849
2849,52
2850,2851
2851,2852
2852,2853
2853,2854
2854,2307
2855,42
2856,2857
2857,692
2858,1052
2859,2860
2860,2861
2861,2862
2862,43
2863,2144
2864,2865
2865,624
2866,43
2867,1606
2868,2869
2869,2870
2870,2871
2871,313
2872,2865
2873,114
2874,1095
2875,2876
2876,2877
2877,177
2878,1095
2879,2880
2880,2551
2881,2551
2882,2883
2883,2884
2884,2885
2885,2886
2886,2887
2887,2011
2888,43
2889,1511
2890,1838
2891,2801
2892,2518
2893,2894
2894,2895
2895,1096
2896,2897
2897,2263
2898,624
2899,2900
2900,1095
2901,2902
2902,2516
2903,2557
2904,2551
2905,147
2906,2750
2907,2908
2908,2909
2909,2910
2910,246
2911,2912
2912,2584
2913,909
2914,2915
2915,43
2916,2917
2917,1094
2918,1051
2919,2158
2920,49
2921,43
2922,2923
2923,692
2924,2812
2925,1095
2926,2852
2927,2928
2928,2929
2929,624
2930,2587
2931,2932
2932,2880
2933,2852
2934,2935
2935,295
2936,2574
2937,2752
2938,2932
2939,1263
2940,335
2941,1838
2942,2659
2943,2944
2944,2945
2945,2946
2946,2947
2947,2948
2948,2949
2949,643
2950,2951
2951,42
2952,2953
2953,644
2954,2801
2955,2557
2956,32
2957,2958
2958,2959
2959,879
2960,1095
2961,2865
2962,2963
2963,2763
2964,129
2965,594
2966,2967
2967,2778
2968,2694
2969,2970
2970,514
2971,42
2972,2659
2973,2974
2974,508
2975,2976
2976,2977
2977,2978
2978,57
2979,57
2980,2981
2981,176
2983,2984
2984,1206
2985,2986
2986,2987
2987,191
2988,2989
2989,2990
2990,1173
2991,331
2992,738
2993,589
2994,270
2995,2996
2996,508
2997,2996
2998,2996
2999,3000
3000,49
3001,3000
3002,177
3003,3004
3005,3006
3006,3007
3007,508
3008,3006
3009,2289
3010,3011
3011,3012
3012,2317
3013,2397
3014,3015
3015,568
3016,3017
3017,616
3018,3011
3019,3017
3020,3021
3021,3022
3022,3023
3023,9
3024,1387
3025,3026
3026,43
3027,3028
3028,3029
3029,97
3030,1387
3031,43
3032,2473
3033,3034
3034,1179
3035,420
3036,2973
3037,57
3038,2461
3039,821
3040,821
3041,1562
3042,1562
3043,303
3044,811
3045,3046
3046,43
3047,53
3048,797
3049,3050
3050,1114
3051,3052
3052,3053
3053,2614
3054,309
3055,3056
3056,3057
3057,1894
3058,2973
3059,2973
3060,2973
3061,2973
3062,3063
3063,76
3064,371
3065,2981
3066,303
3067,76
3068,76
3069,303
3070,2973
3071,2973
3072,2973
3073,674
3074,890
3075,540
3077,1574
3078,3079
3080,569
3081,3082
3082,57
3083,357
3084,298
3085,3086
3086,3087
3087,3088
3088,3089
3089,1095
3090,420
3091,72
3092,704
3093,3094
3094,304
3095,2417
3096,302
3097,3098
3098,309
3099,3098
3100,96
3101,3102
3102,3103
3103,3104
3104,1563
3105,303
3106,3107
3107,3108
3108,3109
3109,3110
3110,337
3111,2461
3112,767
3113,767
3114,3115
3115,443
3116,1516
3117,802
3118,3119
3119,990
3120,3121
3121,412
3123,177
3124,107
3125,107
3126,3127
3127,3128
3128,1973
3129,302
3130,3046
3131,2387
3132,3133
3133,680
3134,163
3135,3136
3136,3137
3137,3138
3138,3139
3139,3140
3140,192
3141,2382
3142,107
3143,245
3144,245
3145,558
3146,3147
3147,177
3148,245
3149,3150
3150,703
3151,3152
3152,1082
3153,107
3154,107
3155,107
3156,1115
3157,107
3158,3159
3159,2561
3160,107
3161,107
3162,3163
3163,3164
3164,9
3165,3166
3166,2034
3167,107
3168,107
3169,107
3170,107
3171,107
3172,3173
3173,196
3174,107
3175,3176
3176,304
3177,57
3178,57
3179,331
3180,3181
3181,1077
3182,1669
3183,107
3184,107
3185,107
3186,3124
3187,107
3188,304
3189,304
3190,107
3191,1662
3192,3193
3193,270
3194,1206
3195,295
3196,2845
3197,53
3198,3199
3199,53
3200,3201
3201,3202
3203,244
3204,2401
3205,3206
3206,1389
3207,304
3208,107
3209,107
3210,1995
3211,107
3212,1186
3213,3214
3214,2917
3215,3216
3216,304
3217,107
3218,3219
3219,246
3220,667
3221,3222
3222,3223
3223,3214
3224,304
3225,107
3226,3227
3227,786
3228,1717
3229,244
3230,373
3231,373
3233,3234
3234,1389
3235,802
3236,177
3237,379
3238,107
3239,107
3240,107
3241,107
3242,2311
3243,2382
3244,3245
3245,720
3246,3245
3247,2088
3248,3249
3249,299
3250,1186
3251,3252
3252,3253
3253,851
3254,3255
3255,3256
3256,3257
3257,186
3258,244
3259,373
3260,107
3261,3262
3262,1082
3263,107
3264,107
3265,107
3266,107
3267,3268
3268,809
3269,2311
3270,1303
3271,1340
3272,304
3273,1137
3274,3275
3275,3276
3276,299
3277,3278
3278,1137
3279,3280
3280,198
3281,3282
3282,1137
3283,3284
3284,3285
3285,107
3286,738
3287,3288
3288,3046
3289,309
3290,525
3291,3292
3292,3293
3293,3294
3294,3295
3295,3296
3296,177
3297,3262
3298,3299
3299,3300
3300,244
3301,3302
3302,1082
3303,107
3304,245
3305,107
3306,107
3308,697
3309,295
3310,3311
3311,2311
3312,107
3313,107
3314,226
3315,3316
3316,508
3317,3193
3318,172
3319,3320
3320,3321
3321,43
3322,1359
3323,3324
3324,3325
3325,3326
3326,2132
3327,2452
3328,3329
3329,3330
3330,3331
3331,270
3332,3333
3333,3334
3334,3335
3335,3336
3336,1856
3337,3338
3338,335
3339,3340
3340,213
3341,1627
3342,120
3343,2001
3344,107
3345,3346
3346,138
3347,3345
3348,245
3349,786
3350,3351
3351,1129
3352,107
3353,3278
3354,208
3355,1137
3356,208
3357,3358
3358,801
3359,3360
3360,299
3361,3362
3362,802
3363,107
3364,3084
3365,3366
3366,76
3367,107
3368,1158
3369,304
3370,107
3371,3372
3372,1082
3373,1137
3374,1137
3375,1136
3376,107
3377,3378
3378,2917
3379,3380
3380,107
3381,3278
3382,3383
3383,3384
3384,9
3385,3386
3386,1082
3387,1137
3388,3360
3389,3390
3390,950
3391,2383
3392,107
3393,3369
3394,107
3395,107
3396,107
3397,107
3398,107
3399,3400
3400,53
3401,3402
3402,2072
3403,3316
3404,520
3405,520
3406,324
3407,3374
3408,304
3409,1137
3410,1136
3411,1136
3412,2209
3413,244
3414,3176
3415,304
3416,3417
3417,3418
3418,359
3419,304
3420,1995
3421,3422
3422,371
3423,3424
3424,1120
3425,3426
3426,1719
3427,3428
3428,245
3429,371
3430,923
3431,3432
3432,3433
3433,141
3434,3435
3435,3436
3436,3437
3437,3438
3438,619
3439,3440
3440,3388
3441,3442
3442,1561
3443,245
3444,3388
3445,3446
3446,3447
3447,3448
3448,3449
3449,3046
3450,107
3451,107
3453,107
3454,107
3455,3456
3456,3457
3457,3458
3458,3438
3459,107
3460,107
3461,529
3462,1995
3463,569
3464,1136
3465,3417
3466,1719
3467,371
3468,371
3469,558
3470,245
3471,244
3472,3386
3473,558
3474,3475
3475,107
3476,1186
3477,107
3478,107
3479,208
3480,107
3482,3483
3483,3484
3484,3485
3485,3486
3486,192
3487,3488
3488,508
3489,448
3490,107
3491,3492
3492,420
3493,107
3494,107
3495,107
3496,107
3497,107
3498,107
3499,3453
3500,1229
3501,245
3502,245
3503,3386
3504,1119
3505,107
3506,244
3507,1551
3508,107
3509,107
3510,107
3511,107
3512,107
3513,3514
3514,316
3515,107
3516,3424
3517,107
3518,107
3519,558
3520,107
3521,305
3522,3523
3523,214
3524,859
3525,303
3526,303
3527,303
3528,303
3529,303
3530,303
3531,303
3532,303
3533,303
3534,303
3535,303
3536,303
3537,303
3538,303
3539,303
3540,303
3541,303
3542,72
3543,303
3544,1106
3545,3451
3546,3547
3547,331
3548,3549
3549,3550
3550,2514
3551,3552
3552,3026
3553,3157
3554,3222
3555,107
3556,194
3557,3558
3558,3559
3559,1566
3560,3561
3561,3562
3562,121
3563,1145
3564,303
3565,303
3566,3567
3567,303
3568,3567
3569,303
3570,303
3571,303
3572,303
3573,303
3574,72
3575,303
3576,303
3577,303
3578,303
3579,303
3580,303
3581,412
3582,303
3583,303
3584,303
3585,72
3586,107
3587,3249
3588,107
3589,107
3590,357
3591,303
3592,303
3593,303
3594,303
3595,303
3596,3567
3597,303
3598,3567
3599,3600
3600,3601
3601,3602
3602,1227
3603,996
3604,3605
3605,3606
3606,788
3607,476
3608,3609
3609,539
3610,1414
3611,3612
3612,3613
3613,597
3614,72
3615,303
3616,303
3617,303
3618,303
3619,303
3620,303
3621,303
3622,303
3623,303
3624,303
3625,303
3626,303
3627,303
3628,3629
3629,3630
3631,295
3632,1415
3633,3634
3634,3635
3635,3636
3636,3637
3637,107
3638,72
3639,3638
3640,303
3641,303
3642,3567
3643,72
3644,303
3645,303
3646,303
3647,3567
3648,1415
3649,107
3650,3651
3651,3652
3652,525
3653,763
3654,3567
3655,3567
3656,303
3657,3567
3658,303
3659,303
3660,3450
3661,3662
3662,3663
3663,295
3664,1414
3665,1520
3666,1846
3667,3668
3668,1556
3669,3670
3670,3671
3671,16
3672,1716
3673,1053
3674,1415
3675,106
3676,106
3677,295
3678,244
3679,300
3680,303
3681,3682
3682,3683
3683,3684
3684,335
3685,3567
3686,3567
3687,72
3688,303
3689,303
3690,303
3691,303
3692,303
3694,3695
3695,1354
3696,3567
3697,303
3698,303
3699,303
3700,303
3701,3702
3702,821
3703,3704
3704,72
3705,217
3706,507
3707,1534
3708,667
3709,3710
3710,3711
3711,3712
3712,788
3713,76
3714,303
3715,3567
3716,303
3717,303
3718,3567
3719,303
3720,72
3721,303
3722,303
3723,303
3724,303
3725,303
3726,72
3727,303
3728,303
3729,303
3730,303
3731,1660
3732,357
3733,3732
3734,1534
3735,1534
3736,3567
3737,3567
3738,303
3739,72
3740,72
3741,303
3742,303
3743,303
3744,303
3745,303
3746,303
3747,303
3748,763
3749,3567
3750,72
3751,3752
3752,303
3753,303
3754,303
3755,107
3756,72
3757,3756
3758,3567
3759,72
3760,3567
3761,3567
3762,331
3763,303
3764,303
3765,3567
3766,303
3767,3567
3768,3769
3769,3770
3770,3771
3771,507
3772,763
3773,3567
3774,303
3775,303
3776,303
3777,303
3778,3779
3779,331
3780,3781
3781,3782
3782,3783
3783,1790
3784,72
3785,3784
3786,303
3787,303
3788,303
3789,303
3790,303
3791,3567
3792,72
3793,303
3794,303
3795,303
3796,303
3797,303
3798,3567
3799,203
3800,3567
3801,3567
3802,303
3803,3804
3804,3805
3805,3663
3806,1529
3807,72
3808,3627
3809,303
3810,3567
3811,303
3812,3567
3813,303
3814,303
3815,303
3816,303
3817,303
3818,303
3819,303
3820,303
3821,303
3822,303
3823,303
3824,303
3825,303
3826,303
3827,303
3828,303
3829,43
3830,3831
3831,793
3832,76
3833,3832
3834,303
3835,303
3836,303
3837,303
3838,303
3839,303
3840,303
3841,303
3842,303
3843,303
3844,1186
3845,303
3846,303
3847,303
3848,303
3849,303
3850,3567
3851,303
3852,3567
3853,569
3854,303
3855,303
3856,303
3857,303
3858,234
3859,151
3860,260
3861,3862
3862,679
3863,3844
3864,107
3865,1781
3866,213
3867,1780
3868,3869
3869,3870
3870,57
3871,3872
3872,3873
3873,3874
3874,3875
3875,3876
3876,3877
3877,3878
3878,3879
3879,3880
3880,588
3881,2383
3882,335
3883,202
3884,76
3885,130
3886,3887
3887,3888
3888,136
3889,3890
3890,2791
3891,303
3892,303
3893,303
3894,303
3895,303
3896,72
3897,303
3898,72
3899,303
3900,3567
3901,303
3902,3567
3903,303
3904,303
3905,303
3906,303
3907,303
3908,72
3909,3910
3910,303
3911,331
3912,3567
3913,303
3914,303
3915,303
3916,303
3917,303
3918,72
3919,303
3920,72
3921,303
3922,303
3923,303
3924,72
3925,303
3926,303
3927,303
3928,303
3929,303
3930,3931
3931,3932
3932,136
3933,72
3934,3935
3935,73
3936,3937
3937,303
3938,3939
3939,2188
3940,303
3941,303
3942,3943
3943,303
3944,303
3945,303
3946,303
3947,303
3948,303
3949,303
3950,303
3951,303
3952,303
3953,303
3954,303
3955,303
3956,303
3957,303
3958,303
3959,303
3960,303
3961,1572
3962,303
3963,303
3964,303
3965,303
3966,303
3967,303
3968,303
3969,303
3970,303
3971,303
3972,3973
3973,961
3974,3030
3975,303
3976,303
3977,303
3978,3567
3979,72
3980,3981
3981,1789
3982,3567
3983,303
3984,303
3985,303
3986,303
3987,3567
3988,3567
3989,3567
3990,3567
3991,303
3992,303
3993,3567
3994,3567
3995,303
3996,303
3997,303
3998,303
3999,303
4000,72
4001,3567
4002,303
4003,3567
4004,323
4005,633
4006,2974
4007,2974
4008,3844
4009,357
4010,4009
4011,303
4012,303
4013,303
4014,72
4015,72
4016,303
4017,303
4018,72
4019,3567
4020,331
4021,72
4022,76
4023,4024
4024,4025
4025,1789
4026,72
4027,4028
4028,4029
4029,4030
4030,4031
4031,1449
4032,303
4033,303
4034,303
4035,303
4036,303
4037,303
4038,303
4039,3567
4040,303
4041,303
4042,3567
4043,303
4044,4045
4045,331
4046,763
4047,3567
4048,303
4049,72
4050,303
4051,4052
4052,4053
4053,473
4054,991
4055,1039
4057,3535
4058,3567
4059,303
4060,303
4061,303
4062,3567
4063,4064
4064,3663
4065,4066
4066,4067
4067,4068
4068,763
4069,4070
4070,2040
4071,1908
4072,357
4073,3567
4074,303
4075,3567
4076,4077
4077,72
4078,303
4079,303
4080,303
4081,303
4082,72
4083,72
4084,4085
4085,4086
4086,72
4087,4088
4088,51
4089,4090
4090,4091
4091,1153
4092,4093
4093,2228
4094,303
4095,303
4096,3567
4097,303
4098,303
4099,303
4100,331
4101,303
4102,303
4103,331
4104,303
4105,303
4106,3567
4107,303
4108,303
4109,303
4110,303
4111,303
4112,331
4113,303
4114,303
4115,303
4116,303
4117,303
4118,303
4119,303
4120,303
4121,303
4122,72
4123,661
4124,1789
4125,3483
4126,3483
4127,3484
4128,3488
4129,3361
4130,3483
4131,811
4132,1849
4133,4134
4134,990
4135,4136
4136,3860
4137,1278
4138,76
4139,3567
4140,72
4141,303
4142,303
4143,331
4144,1269
4145,1269
4146,508
4147,72
4148,303
4149,3567
4150,303
4151,303
4152,303
4153,303
4154,303
4155,303
4156,4157
4157,4158
4158,2611
4159,72
4160,3389
4161,763
4162,3567
4163,303
4164,303
4165,303
4166,4167
4167,4168
4168,2120
4169,4170
4170,1790
4171,4172
4172,4173
4173,4174
4174,4175
4175,2611
4176,763
4177,303
4178,3567
4179,303
4180,303
4181,303
4182,303
4183,3567
4184,4185
4185,565
4187,565
4188,507
4189,2040
4190,4191
4191,1193
4192,1193
4193,1193
4194,687
4195,1193
4196,1193
4197,1193
4198,1193
4199,4200
4201,1193
4202,1193
4203,1193
4204,1193
4205,1193
4206,72
4207,1193
4208,1193
4209,1193
4210,3567
4211,303
4212,4213
4213,520
4214,1193
4215,1193
4216,420
4217,1193
4218,1193
4219,1193
4220,4221
4221,1193
4222,1193
4223,1193
4224,1193
4225,1193
4226,1193
4227,1193
4228,1193
4229,1193
4230,1193
4231,1193
4232,1193
4233,1193
4234,1193
4235,1193
4236,1193
4237,1193
4238,2156
4239,2156
4240,1193
4241,4242
4242,294
4243,1193
4244,1193
4245,1193
4246,1193
4247,16
4248,1193
4249,1193
4250,1193
4251,1193
4252,1193
4253,2156
4254,2156
4255,2156
4256,1193
4257,4258
4258,4259
4259,31
4260,1193
4261,2156
4262,1193
4263,1193
4264,1193
4265,1193
4266,1193
4267,1193
4268,4269
4269,2156
4270,1193
4271,1193
4272,1193
4273,1193
4274,4275
4275,1193
4276,4277
4277,31
4278,357
4279,303
4280,3567
4281,3567
4282,303
4283,3567
4284,3567
4285,3567
4286,3567
4287,303
4288,4289
4289,4289
4290,303
4291,4292
4292,4293
4293,4294
4294,4295
4295,2610
4296,95
4297,4298
4298,1908
4299,214
4300,357
4301,4302
4302,4303
4303,763
4304,303
4305,303
4306,303
4307,303
4308,303
4309,763
4310,303
4311,303
4312,303
4313,303
4314,303
4315,303
4316,303
4317,303
4318,303
4319,303
4320,303
4321,3567
4322,303
4323,303
4324,303
4325,303
4326,303
4327,303
4328,303
4329,303
4330,303
4331,303
4332,4333
4333,4334
4334,4335
4336,4337
4337,420
4338,303
4339,303
4340,303
4341,3567
4342,3567
4343,303
4344,303
4345,3567
4346,303
4347,3567
4348,4349
4349,23
4350,303
4351,4352
4352,4353
4353,1364
4354,4355
4355,4356
4356,642
4357,1193
4358,1193
4359,1193
4360,2156
4361,4191
4362,942
4363,1193
4364,4365
4365,2159
4366,1193
4367,2156
4368,2156
4369,2156
4370,1193
4371,2156
4372,1193
4373,1193
4374,1193
4375,1193
4376,1193
4377,1193
4378,1193
4379,226
4380,4381
4381,4382
4382,768
4383,4381
4384,72
4385,72
4386,3619
4387,4388
4388,303
4389,3625
4390,4391
4391,4392
4392,1863
4393,3567
4394,303
4395,303
4396,303
4397,303
4398,4399
4399,72
4400,303
4401,303
4402,303
4403,4404
4404,331
4405,4218
4406,303
4407,303
4408,303
4409,303
4410,303
4411,303
4412,4413
4413,4414
4414,303
4415,4416
4416,303
4417,303
4418,3567
4419,303
4420,303
4421,303
4422,303
4423,303
4424,4425
4425,3755
4426,4427
4427,331
4428,2817
4429,444
4430,76
4431,303
4432,303
4433,303
4434,303
4435,303
4436,303
4437,303
4438,303
4439,303
4440,303
4441,303
4442,72
4443,303
4444,303
4445,303
4446,1434
4447,950
4448,244
4449,3366
4450,1715
4451,4452
4452,4453
4453,729
4454,3567
4455,3567
4456,3567
4457,3567
4458,303
4459,3567
4460,3567
4461,3567
4462,3567
4463,3567
4464,3567
4465,4452
4466,3567
4467,1435
4468,3567
4469,3567
4470,3567
4471,3567
4472,72
4473,4474
4474,2063
4475,4476
4476,4477
4477,4478
4478,987
4479,4064
4480,4481
4481,301
4482,4483
4483,4484
4484,4485
4485,316
4486,53
4487,4488
4488,420
4489,2185
4490,561
4491,4492
4493,4494
4494,174
4495,879
4496,331
4498,4499
4499,339
4500,324
4501,20
4502,1064
4503,1160
4504,4505
4505,904
4506,72
4507,303
4508,3567
4509,72
4510,1789
4511,303
4512,303
4513,303
4514,303
4515,303
4516,1994
4517,4518
4518,4519
4519,4520
4520,4521
4521,277
4523,72
4524,4525
4525,1411
4526,4527
4527,4528
4528,4527
4529,4423
4530,4531
4531,8
4532,4533
4533,1123
4534,4535
4535,1411
4536,4422
4537,303
4538,303
4539,303
4540,303
4541,303
4542,303
4543,303
4544,303
4545,303
4546,303
4547,303
4548,303
4549,303
4550,303
4551,303
4552,303
4553,303
4554,303
4555,303
4556,303
4557,3567
4558,4559
4559,331
4560,303
4561,303
4562,303
4563,303
4564,303
4565,303
4566,303
4567,303
4568,303
4569,303
4570,303
4571,303
4572,3567
4573,303
4574,303
4575,3567
4576,303
4577,3567
4578,303
4579,3567
4580,3567
4581,303
4582,303
4583,3567
4584,72
4585,303
4586,303
4587,3567
4588,303
4589,303
4590,290
4591,4592
4593,303
4594,2435
4595,303
4596,3567
4597,303
4598,303
4599,303
4600,73
4601,303
4602,72
4603,303
4604,303
4605,303
4606,303
4607,303
4608,303
4609,303
4610,303
4611,303
4612,303
4613,4614
4614,4615
4615,4616
4616,4617
4617,335
4618,627
4619,2223
4620,2377
4621,220
4622,851
4623,219
4624,1613
4625,1068
4626,4627
4627,4628
4628,335
4629,4630
4630,4631
4631,4632
4632,12
4633,1881
4634,4635
4635,4636
4636,4637
4637,1561
4638,1610
4639,4640
4640,4194
4641,4642
4642,4643
4643,4644
4644,1559
4645,4646
4646,4494
4647,335
4648,4649
4649,163
4650,4651
4651,4652
4652,4653
4653,4654
4654,4655
4655,16
4657,73
4658,3567
4659,303
4660,3567
4661,303
4662,303
4663,303
4664,72
4665,303
4666,303
4667,3567
4668,72
4669,303
4670,303
4671,303
4672,303
4673,303
4674,303
4675,303
4676,303
4677,4678
4678,4679
4679,1348
4680,3079
4681,439
4683,395
4684,270
4685,763
4686,303
4687,303
4688,3567
4689,303
4690,303
4691,303
4692,4693
4693,4694
4694,4695
4695,4696
4696,4697
4697,177
4698,303
4699,303
4700,303
4701,303
4702,303
4703,303
4704,303
4705,303
4706,3567
4707,3567
4708,303
4709,303
4710,3567
4711,664
4712,303
4713,4714
4714,303
4715,3567
4716,303
4717,303
4718,303
4719,303
4720,303
4721,107
4722,2973
4723,1414
4724,4725
4725,4293
4726,4727
4727,4728
4728,335
4729,1414
4730,4731
4731,811
4732,4733
4733,159
4734,1414
4735,4736
4736,4737
4737,1862
4738,1414
4739,671
4740,4741
4741,4742
4742,993
4743,72
4744,3567
4745,303
4746,303
4747,4748
4748,4749
4749,311
4750,4751
4751,4750
4752,1444
4753,4754
4754,4754
4755,4756
4756,802
4757,303
4758,331
4759,72
4760,72
4761,1525
4762,53
4763,194
4764,3567
4765,72
4766,303
4767,303
4768,303
4769,72
4770,73
4771,4772
4773,72
4774,303
4775,303
4776,303
4777,3567
4778,72
4779,303
4780,3567
4781,303
4782,3567
4783,3567
4784,4785
4785,4786
4786,332
4787,4788
4788,763
4789,4790
4790,851
4791,303
4792,303
4793,3567
4794,303
4795,303
4796,303
4797,303
4798,303
4799,303
4800,303
4801,72
4802,3567
4803,303
4804,72
4805,303
4806,72
4807,303
4808,4809
4809,331
4810,3567
4811,2195
4812,4813
4813,667
4814,3567
4815,322
4816,3346
4817,357
4818,31
4819,4820
4820,1621
4821,589
4822,31
4823,4819
4824,2442
4825,497
4826,335
4827,569
4828,163
4829,4830
4830,219
4831,4832
4832,4833
4833,4834
4834,4749
4835,422
4836,172
4837,2973
4838,665
4839,3091
4840,4276
4841,4842
4842,1490
4843,4844
4844,4845
4846,202
4847,4848
4848,604
4849,2685
4850,4851
4851,53
4852,31
4853,4854
4854,4848
4855,4856
4856,4857
4857,4858
4858,4859
4859,4860
4860,226
4861,53
4862,1427
4863,1584
4864,439
4866,1520
4867,1520
4868,1135
4869,4870
4870,395
4871,1207
4872,463
4873,1433
4874,4875
4875,4876
4876,8
4877,4878
4878,118
4879,2151
4880,201
4881,600
4882,4883
4883,4884
4884,269
4885,600
4886,4887
4887,947
4888,4889
4889,1559
4890,4891
4891,611
4892,4813
4893,689
4894,253
4895,1135
4896,1383
4897,357
4898,4897
4899,72
4900,72
4901,4902
4902,1411
4903,72
4904,4905
4906,202
4907,357
4908,4909
4909,303
4910,4911
4911,4912
4912,172
4913,4914
4914,4915
4915,788
4916,4917
4917,4918
4918,4919
4919,4918
4920,4690
4921,4406
4922,3689
4923,4924
4924,4925
4925,473
4926,4927
4927,303
4928,303
4929,303
4930,4725
4931,303
4932,76
4933,175
4934,72
4935,357
4936,4937
4938,4939
4939,4940
4940,4941
4942,4569
4943,371
4944,4945
4945,10
4946,4947
4947,335
4948,357
4949,72
4950,357
4951,72
4952,3567
4953,715
4954,4955
4955,331
4956,163
4957,72
4958,3567
4959,303
4960,303
4961,303
4962,303
4963,4964
4964,4965
4966,303
4967,303
4968,303
4969,303
4970,303
4971,303
4972,3752
4973,72
4974,303
4975,303
4976,303
4977,303
4978,303
4979,3567
4980,303
4981,303
4982,303
4983,303
4984,303
4985,303
4986,3567
4987,4988
4988,1448
4989,303
4990,303
4991,303
4992,3567
4993,303
4994,303
4995,303
4996,303
4997,303
4998,303
4999,303
5000,303
5001,303
5002,303
5003,303
5004,303
5005,5006
5006,303
5007,303
5008,303
5009,303
5010,303
5011,303
5012,303
5013,303
5014,303
5015,303
5016,303
5017,303
5018,303
5019,303
5020,303
5021,303
5022,303
5023,3567
5024,303
5025,303
5026,303
5027,303
5028,303
5029,303
5030,5031
5031,331
5032,303
5033,303
5034,303
5035,303
5036,3567
5037,303
5038,303
5039,303
5040,303
5041,331
5042,303
5043,303
5044,3567
5045,303
5046,3567
5047,3567
5048,5049
5049,5050
5050,507
5051,3567
5052,3567
5053,303
5054,3567
5055,3567
5056,3567
5057,3567
5058,3567
5059,3567
5060,303
5061,303
5062,303
5063,303
5064,303
5065,303
5066,303
5067,303
5068,303
5069,303
5070,303
5071,303
5072,5073
5073,331
5074,5075
5075,1115
5076,5077
5078,172
5079,118
5080,303
5081,3567
5082,303
5083,72
5084,303
5085,72
5086,303
5087,303
5088,5089
5089,2128
5090,3567
5091,303
5092,303
5093,303
5094,5095
5095,5096
5096,5097
5097,163
5098,5099
5099,1614
5100,303
5101,303
5102,72
5103,303
5104,303
5105,3567
5106,303
5107,303
5108,3567
5109,303
5110,3567
5111,303
5112,3567
5113,303
5114,5115
5115,5116
5116,5117
5117,3438
5118,303
5119,303
5120,303
5121,5122
5122,244
5123,5124
5124,357
5125,3454
5126,3567
5127,72
5128,303
5129,303
5130,5131
5131,303
5132,4030
5133,5134
5134,5135
5135,5136
5136,1568
5137,5138
5138,5139
5139,16
5140,5141
5141,529
5142,786
5143,303
5144,3567
5145,76
5146,303
5147,3412
5148,2310
5149,331
5150,2310
5151,5152
5152,2114
5153,5154
5154,1561
5155,5156
5156,420
5157,46
5158,138
5159,3567
5160,303
5161,303
5162,303
5163,303
5164,3567
5165,303
5166,3567
5167,3567
5168,5169
5169,507
5170,420
5171,303
5172,303
5173,303
5174,303
5175,3567
5176,303
5177,303
5178,303
5179,303
5180,3567
5181,303
5182,303
5183,303
5184,303
5185,303
5186,303
5187,5188
5188,5189
5189,5190
5190,3879
5191,303
5192,303
5193,303
5194,303
5195,303
5196,303
5197,303
5198,303
5199,303
5200,303
5201,5202
5202,331
5203,5194
5204,303
5205,303
5206,303
5207,3567
5208,303
5209,303
5210,303
5211,303
5212,303
5213,303
5214,303
5215,303
5216,303
5217,303
5218,76
5219,303
5220,303
5221,303
5222,303
5223,303
5224,5225
5225,5226
5226,13
5227,303
5228,303
5229,303
5230,303
5231,3567
5232,303
5233,303
5234,303
5235,303
5236,303
5237,5238
5238,136
5239,303
5240,303
5241,3567
5242,3567
5243,303
5244,303
5245,303
5246,303
5247,3567
5248,3567
5249,3567
5250,3567
5251,3567
5252,303
5253,303
5254,303
5255,303
5256,303
5257,303
5258,303
5259,303
5260,303
5261,5259
5262,5263
5263,5264
5264,5265
5265,210
5266,1613
5267,803
5268,1185
5269,5270
5270,674
5271,1158
5273,5274
5274,2237
5275,303
5276,303
5277,303
5278,303
5279,303
5280,303
5281,303
5282,303
5283,303
5284,303
5285,303
5286,303
5287,303
5288,303
5289,303
5290,303
5291,303
5292,303
5293,303
5294,72
5295,303
5296,303
5297,303
5298,303
5299,303
5300,303
5301,303
5302,303
5303,303
5304,303
5305,303
5306,303
5307,303
5308,303
5309,331
5310,303
5311,5312
5313,331
5314,303
5315,303
5316,303
5317,303
5318,303
5319,303
5320,303
5321,303
5322,303
5323,303
5324,303
5325,4091
5326,3480
5327,163
5328,5329
5329,5330
5330,217
5331,5332
5333,4299
5334,5335
5335,101
5336,5337
5337,5338
5338,1414
5339,5340
5340,5341
5341,5342
5342,5343
5343,2585
5344,270
5345,4299
5346,1414
5347,270
5348,270
5349,1414
5350,3311
5351,5352
5353,5354
5354,1889
5355,508
5356,3446
5357,1046
5358,5359
5359,5360
5360,5361
5361,322
5362,414
5363,5364
5364,32
5365,234
5366,767
5367,5368
5368,2958
5369,1417
5370,347
5371,568
5372,1186
5373,5374
5374,5375
5375,5376
5376,620
5377,5375
5378,5379
5379,107
5380,880
5381,5375
5382,426
5383,5384
5384,304
5385,82
5386,1060
5387,1973
5388,76
5389,163
5390,253
5391,5392
5392,5393
5393,541
5394,1673
5395,2958
5396,107
5397,420
5398,5399
5399,3108
5400,594
5401,163
5402,5214
5403,4322
5404,4344
5405,5406
5406,721
5407,5408
5408,114
5409,303
5410,198
5411,177
5412,949
5413,2584
5414,1158
5415,72
5416,72
5417,72
5418,303
5419,303
5420,3567
5421,357
5422,303
5423,303
5424,303
5425,72
5426,303
5427,76
5428,303
5429,72
5430,303
5431,72
5432,72
5433,303
5434,72
5435,5436
5436,1881
5437,303
5438,303
5439,303
5440,72
5441,72
5442,303
5443,72
5444,303
5445,303
5446,303
5447,72
5448,3567
5449,303
5450,303
5451,72
5452,5453
5453,5454
5454,5455
5455,303
5456,4849
5457,2685
5458,53
5459,2587
5460,5461
5461,5462
5462,3484
5463,5464
5464,468
5465,3483
5466,3483
5467,5468
5468,70
5469,202
5470,3299
5471,1114
5472,1397
5473,323
5474,5475
5475,2685
5476,5477
5478,5479
5479,5480
5480,5479
5481,163
5482,151
5483,1206
5484,1087
5485,5486
5486,5332
5487,5488
5488,2307
5489,151
5490,1464
5491,2958
5492,948
5493,1307
5494,1385
5495,1385
5496,1032
5497,1385
5498,2042
5499,5500
5500,696
5501,2042
5502,5503
5503,5504
5504,1308
5505,5506
5506,2096
5507,1729
5508,569
5509,5510
5510,203
5511,1633
5512,2685
5513,5514
5514,572
5515,5516
5516,292
5517,322
5518,5519
5519,507
5520,129
5521,948
5522,1152
5523,5524
5524,2228
5525,151
5526,82
5527,4134
5528,2228
5529,253
5530,5531
5531,5532
5532,5533
5533,619
5534,5535
5535,20
5536,1978
5537,5538
5539,163
5540,331
5541,5542
5542,528
5543,42
5544,202
5545,2307
5546,572
5547,1290
5548,52
5549,1658
5550,1523
5551,5552
5552,5553
5553,619
5554,439
5555,1082
5556,1207
5557,5558
5558,5559
5559,163
5560,1558
5561,260
5562,5563
5563,802
5564,5565
5565,5566
5566,2958
5567,909
5568,5569
5569,2949
5570,494
5571,3275
5572,1534
5573,624
5574,80
5575,95
5576,100
5577,1135
5578,4870
5579,843
5580,5077
5581,5077
5582,151
5583,174
5584,5585
5585,5586
5586,335
5587,331
5588,331
5589,5075
5590,5591
5591,335
5592,5593
5593,260
5594,259
5595,2387
5596,163
5597,556
5598,5599
5599,412
5600,5601
5601,1933
5602,51
5603,3567
5604,414
5605,2219
5606,5607
5607,502
5608,5609
5609,948
5610,5611
5611,5612
5612,44
5613,5614
5614,5615
5615,5616
5616,5617
5617,5375
5618,5619
5619,31
5620,1269
5621,531
5622,5623
5623,520
5624,5609
5625,530
5626,439
5627,1224
5628,5629
5629,5630
5630,5631
5631,4655
5632,5633
5633,70
5634,5635
5635,1271
5636,304
5637,5638
5638,5639
5639,5569
5640,1060
5641,624
5642,932
5643,568
5644,5645
5645,5646
5646,5647
5647,5648
5648,4834
5649,5650
5650,1002
5651,2814
5652,172
5653,3346
5654,5655
5655,5656
5656,5657
5657,5658
5658,140
5659,1613
5660,2002
5661,181
5662,763
5663,1964
5664,163
5665,5666
5666,99
5667,32
5668,5669
5669,1205
5670,5671
5671,2958
5672,1561
5673,1561
5674,43
5675,2648
5676,892
5678,4854
5679,4848
5680,5681
5681,5682
5683,4854
5684,606
5685,4821
5686,5687
5687,5688
5688,32
5689,203
5690,202
5691,5692
5692,607
5693,3486
5694,5695
5695,165
5696,565
5697,201
5698,4617
5699,1561
5700,43
5701,5702
5702,5703
5703,1561
5704,1561
5705,147
5706,565
5707,303
5708,1547
5709,5710
5710,107
5711,53
5712,3303
5713,194
5714,1715
5715,855
5716,2051
5717,1118
5718,5719
5719,620
5720,1547
5721,5722
5722,147
5723,107
5724,107
5725,1423
5726,4847
5727,5728
5728,2642
5729,763
5730,3885
5731,5695
5732,5733
5733,246
5734,5735
5735,295
5736,5733
5737,5738
5738,5739
5739,774
5740,5738
5741,194
5742,1213
5743,365
5744,3257
5745,5746
5746,5747
5747,5747
5748,371
5749,5750
5750,5751
5751,4499
5752,5753
5753,163
5754,5755
5755,541
5756,72
5757,5758
5758,303
5759,5760
5760,721
5761,5762
5762,763
5763,72
5764,234
5765,5766
5766,5767
5767,5768
5768,37
5769,4077
5770,5771
5771,5772
5772,890
5773,76
5774,4546
5775,5776
5776,5777
5777,4478
5778,2515
5779,5780
5780,2515
5781,260
5782,140
5783,4851
5784,172
5785,5786
5786,5787
5787,4185
5788,1095
5789,565
5790,2611
5791,5792
5792,5793
5793,218
5794,1767
5795,5796
5796,3663
5797,5115
5798,107
5799,72
5800,5801
5801,4030
5802,5803
5803,163
5804,5805
5805,5806
5806,303
5807,5808
5808,199
5809,72
5810,72
5811,729
5812,5813
5813,5814
5814,245
5815,763
5816,763
5817,5818
5818,5819
5819,1558
5820,72
5821,5822
5822,439
5823,72
5824,72
5825,4308
5826,5013
5827,5828
5828,128
5829,5830
5830,5831
5831,5832
5832,5833
5833,937
5834,357
5835,5174
5837,5037
5838,5839
5839,494
5840,5841
5841,5842
5842,1781
5843,5844
5844,90
5845,5846
5846,303
5848,97
5849,2611
5850,5851
5851,5852
5852,5853
5853,692
5854,72
5855,5007
5856,4319
5857,72
5858,4108
5859,5860
5860,1088
5861,5862
5862,990
5863,5862
5864,5865
5865,331
5866,4218
5867,76
5868,72
5869,72
5870,3205
5871,4090
5872,5115
5873,3634
5874,4090
5875,72
5876,147
5877,2649
5878,72
5879,3922
5880,1
5881,5882
5882,2647
5883,5882
5885,5886
5886,5887
5887,31
5888,72
5889,5890
5890,107
5891,72
5892,5893
5893,136
5894,1
5895,3567
5896,3567
5897,5379
5898,202
5899,5900
5900,420
5901,2373
5902,5903
5903,3412
5904,5905
5905,508
5906,5905
5907,5908
5908,5735
5909,3373
5910,1047
5911,304
5912,147
5913,1242
5914,174
5915,1964
5916,5917
5918,2435
5919,5920
5920,222
5921,331
5922,5919
5923,5912
5924,5925
5925,163
5926,2685
5927,8
5928,1277
5929,1851
5930,5931
5931,163
5932,447
5933,5934
5934,335
5935,5936
5936,5937
5937,25
5938,303
5939,222
5940,5941
5941,1464
5942,5943
5943,5944
5944,5945
5946,5947
5947,5948
5948,335
5949,76
5950,5951
5951,2197
5952,5953
5953,5954
5954,1125
5955,357
5956,5957
5957,1125
5958,335
5959,335
5960,335
5961,5962
5962,47
5963,335
5964,5965
5965,508
5966,5500
5967,5968
5968,53
5969,763
5970,5971
5971,1884
5972,5973
5973,5974
5974,216
5975,4856
5976,177
5977,202
5978,3299
5979,323
5980,272
5981,5982
5982,5612
5983,5984
5984,5985
5985,2271
5986,1291
5987,143
5988,335
5989,159
5990,335
5991,335
5992,335
5993,335
5994,335
5995,143
5996,5997
5997,1269
5998,1291
5999,3462
6000,172
6001,3233
6002,335
6003,335
6004,335
6005,6006
6006,335
6007,23
6008,151
6009,6010
6010,6011
6011,2012
6012,6013
6013,1451
6014,107
6015,6016
6016,107
6017,303
6018,303
6019,303
6020,303
6021,303
6022,303
6023,3567
6024,303
6025,303
6026,303
6027,303
6028,303
6029,303
6030,303
6031,303
6032,303
6033,72
6034,303
6035,303
6036,303
6037,6028
6038,1152
6039,335
6040,335
6041,335
6042,335
6043,335
6044,6045
6045,331
6046,303
6047,303
6048,303
6049,6050
6050,5756
6051,303
6052,3567
6053,72
6054,303
6055,303
6056,303
6057,303
6058,303
6059,303
6060,303
6061,303
6062,303
6063,303
6064,303
6065,303
6066,303
6067,303
6068,303
6069,303
6070,303
6071,303
6072,303
6073,303
6074,6075
6075,6076
6076,6077
6077,6076
6078,303
6079,303
6080,303
6081,303
6082,303
6083,303
6084,303
6085,3567
6086,303
6087,303
6088,303
6089,303
6090,303
6091,303
6092,303
6093,303
6094,303
6095,303
6096,303
6097,303
6098,6088
6099,6100
6101,664
6102,303
6103,303
6104,303
6105,303
6106,303
6107,303
6108,331
6109,303
6110,303
6111,303
6112,303
6113,2228
6114,303
6115,303
6116,303
6117,303
6118,303
6119,303
6120,303
6121,303
6122,3567
6123,303
6124,3567
6125,303
6126,72
6127,303
6128,303
6129,303
6130,303
6131,303
6132,303
6133,303
6134,303
6135,303
6136,4077
6137,303
6138,303
6139,303
6140,303
6141,303
6142,303
6143,303
6144,4188
6145,303
6146,303
6147,303
6148,3567
6149,303
6150,3567
6151,3567
6152,72
6153,72
6154,6155
6155,6156
6156,6157
6157,9
6158,303
6159,72
6160,303
6161,303
6162,303
6163,303
6164,303
6165,303
6166,303
6167,3567
6168,303
6169,303
6170,6171
6171,6172
6172,6173
6173,1556
6174,303
6175,303
6176,303
6177,303
6178,6179
6179,720
6180,335
6182,335
6183,158
6184,335
6185,6186
6186,6187
6187,335
6188,8
6189,303
6190,72
6191,303
6192,303
6193,303
6194,303
6195,303
6196,303
6197,303
6198,303
6199,303
6200,335
6201,303
6202,6203
6203,363
6204,53
6205,1030
6206,420
6207,303
6208,303
6209,3567
6210,303
6211,303
6212,303
6213,303
6214,303
6215,72
6216,303
6217,303
6218,303
6219,303
6220,72
6221,303
6222,303
6223,303
6224,303
6225,303
6226,303
6227,3567
6228,303
6229,303
6230,303
6231,303
6232,303
6233,6234
6234,331
6235,6236
6236,1302
6237,2062
6238,6239
6239,331
6240,303
6241,303
6242,303
6243,303
6244,303
6245,303
6246,303
6247,303
6248,303
6249,303
6250,303
6251,303
6252,303
6253,303
6254,303
6255,763
6256,303
6257,303
6258,303
6259,318
6260,43
6261,6262
6262,890
6263,1060
6264,439
6265,318
6266,847
6267,202
6268,31
6269,31
6270,303
6271,303
6272,303
6273,303
6274,303
6275,303
6276,3567
6277,3567
6278,3567
6279,303
6280,303
6281,303
6282,3331
6283,52
6284,2585
6285,2585
6286,6287
6287,6288
6288,1964
6289,6290
6290,1964
6291,4392
6292,6293
6293,3412
6294,3412
6295,177
6296,6297
6297,569
6298,335
6299,1166
6300,6301
6301,3771
6302,1227
6303,72
6304,3567
6305,303
6306,303
6307,3567
6308,303
6309,303
6310,303
6311,303
6312,303
6313,6314
6314,304
6315,1562
6316,6317
6317,447
6318,303
6319,950
6320,303
6321,303
6322,303
6323,303
6324,303
6325,303
6326,72
6327,303
6328,447
6329,6330
6330,6329
6331,6332
6332,6333
6333,6334
6335,3285
6336,226
6337,303
6339,303
6340,303
6341,303
6342,303
6343,303
6344,303
6345,303
6346,303
6347,303
6348,6349
6349,72
6350,3752
6351,303
6352,303
6353,3567
6354,6355
6355,76
6356,3567
6357,6355
6358,303
6359,6360
6360,6361
6361,6362
6362,3174
6363,303
6364,303
6365,303
6366,303
6368,72
6369,72
6370,303
6371,303
6372,303
6373,303
6374,303
6375,303
6376,303
6377,3567
6378,303
6379,303
6380,303
6381,303
6382,303
6383,6384
6384,5593
6385,6386
6386,1242
6387,303
6388,303
6389,303
6390,303
6391,72
6392,303
6393,303
6394,3567
6395,6396
6397,6398
6398,3133
6399,2071
6400,2293
6401,6402
6402,331
6403,331
6404,331
6405,331
6406,72
6407,72
6408,4077
6409,3567
6410,3567
6411,3567
6412,303
6413,303
6414,331
6415,6416
6416,6417
6417,6418
6418,305
6419,3257
6420,335
6421,2917
6422,6301
6423,860
6424,6425
6425,1443
6426,6297
6427,6428
6428,6429
6429,163
6430,1153
6431,6432
6432,1440
6433,6434
6434,1441
6435,10
6436,272
6437,6438
6438,740
6439,3567
6440,303
6441,3331
6442,3331
6443,303
6444,3567
6445,303
6446,303
6447,303
6448,303
6449,303
6450,303
6451,303
6452,303
6453,303
6454,303
6455,3567
6456,303
6457,303
6458,6459
6459,82
6460,246
6461,6423
6462,3567
6463,73
6464,303
6465,72
6466,303
6467,303
6468,303
6469,72
6470,6471
6471,5226
6472,36
6473,6474
6474,6475
6475,6476
6476,6477
6477,6478
6478,6479
6479,6480
6480,6481
6481,6482
6482,1450
6483,5691
6484,6485
6485,6486
6486,6487
6487,9
6488,303
6489,3567
6490,303
6491,303
6492,303
6493,303
6494,303
6495,3712
6496,3567
6497,303
6498,303
6499,6500
6500,335
6501,49
6502,1943
6503,49
6504,6505
6505,6506
6506,177
6507,282
6508,3412
6509,6510
6510,473
6511,6510
6512,331
6513,335
6514,6515
6515,540
6516,2062
6517,6518
6518,473
6519,72
6520,172
6521,303
6522,3567
6523,303
6524,3567
6525,303
6526,303
6527,303
6528,303
6529,303
6530,269
6531,269
6532,303
6533,303
6534,6535
6535,6536
6536,6537
6537,6538
6538,16
6539,303
6540,303
6541,303
6542,303
6543,2197
6544,303
6545,303
6546,303
6547,6548
6548,1411
6549,3278
6550,4391
6551,1915
6552,6553
6553,1009
6554,2973
6555,303
6556,303
6557,303
6558,303
6559,303
6560,5742
6561,118
6562,6563
6563,1237
6564,303
6565,2228
6566,2228
6568,2228
6569,6570
6570,4655
6571,1051
6572,6573
6573,202
6574,4733
6575,6576
6576,231
6577,6578
6578,5965
6579,5147
6580,3488
6581,6100
6582,6100
6583,2307
6584,6585
6585,6586
6586,2308
6587,2958
6588,6589
6589,990
6590,6591
6591,6592
6593,2307
6594,5238
6595,6591
6596,6597
6597,6598
6598,604
6599,6583
6600,6583
6601,6602
6602,6603
6603,6604
6604,6605
6605,2308
6606,6607
6607,6608
6608,6609
6609,198
6610,6611
6611,1450
6612,6613
6613,6593
6614,332
6615,1598
6616,6617
6617,6618
6618,6619
6619,2307
6620,1030
6621,6622
6622,860
6623,6624
6624,950
6625,303
6626,72
6627,303
6628,6629
6629,322
6630,72
6631,303
6632,303
6633,303
6634,3567
6635,303
6636,6637
6637,6638
6638,6425
6639,6640
6640,569
6641,303
6642,303
6643,303
6644,72
6645,303
6646,303
6647,72
6648,303
6649,303
6650,3567
6651,6652
6652,6653
6653,31
6654,331
6655,303
6656,3567
6657,3567
6658,303
6659,303
6660,72
6661,72
6662,72
6663,303
6664,303
6665,303
6666,3567
6667,3567
6668,3567
6669,3567
6670,3567
6671,5115
6672,303
6673,3567
6674,303
6675,72
6676,303
6677,303
6678,303
6679,3567
6680,303
6681,303
6682,303
6683,3567
6684,303
6685,303
6686,303
6687,303
6688,303
6689,3567
6690,303
6691,57
6692,1166
6693,331
6694,6695
6695,1166
6696,6697
6697,6698
6698,360
6699,6697
6700,6701
6701,6702
6702,6703
6703,6704
6704,1789
6705,420
6706,335
6707,335
6708,335
6709,335
6710,335
6711,5138
6712,335
6713,107
6714,107
6715,335
6716,335
6717,6718
6718,790
6719,6720
6720,1137
6721,5965
6722,6723
6723,906
6724,6723
6725,3331
6726,2958
6727,6728
6728,6600
6729,6730
6730,2485
6731,6732
6732,2512
6733,5591
6734,6735
6735,170
6736,6737
6737,452
6738,5924
6739,6735
6740,1277
6741,6591
6742,2044
6743,53
6744,6745
6745,6746
6746,925
6747,412
6748,107
6749,5655
6750,163
6751,420
6752,172
6753,53
6754,2002
6755,6756
6756,6757
6757,6758
6758,993
6759,6760
6760,209
6761,3334
6762,331
6763,331
6764,202
6765,202
6766,6767
6767,6768
6768,6769
6769,37
6770,1082
6771,6772
6772,345
6773,6774
6774,136
6775,128
6776,6777
6777,1964
6778,4965
6779,6780
6780,6781
6781,119
6782,6783
6783,6784
6784,6785
6785,6786
6786,691
6787,763
6788,4492
6789,1060
6790,6791
6791,6792
6792,6793
6793,6794
6794,6795
6795,202
6796,163
6797,331
6798,1964
6799,259
6800,6801
6801,163
6802,6803
6803,6804
6804,1569
6805,6806
6806,335
6807,6808
6808,6809
6809,6810
6810,310
6811,365
6812,3141
6813,569
6814,234
6815,1306
6816,163
6817,1254
6818,47
6819,3079
6820,569
6821,3567
6823,25
6824,2175
6826,290
6827,6828
6829,541
6830,3257
6831,8
6832,32
6833,6834
6834,6835
6835,1364
6836,32
6837,347
6838,580
6839,6839
6840,6841
6841,1738
6842,1277
6843,6844
6844,6845
6845,174
6846,667
6847,6848
6848,1161
6849,860
6850,5099
6851,49
6852,3257
6853,4488
6854,6855
6855,890
6856,335
6857,6858
6858,6859
6859,420
6860,6637
6861,6862
6862,3752
6863,6609
6864,54
6865,785
6866,2685
6867,1325
6868,6040
6869,331
6870,53
6871,1292
6872,255
6873,335
6874,335
6875,753
6876,335
6877,335
6878,335
6879,335
6880,335
6881,335
6882,335
6883,335
6884,331
6885,3220
6886,6887
6887,335
6888,1884
6889,1878
6890,5862
6891,5524
6892,331
6893,664
6894,172
6895,212
6896,72
6897,6355
6898,6899
6899,371
6901,6902
6902,709
6903,2127
6904,6905
6905,331
6906,97
6907,6908
6908,420
6909,6910
6910,6911
6911,1263
6912,6913
6913,955
6914,846
6915,789
6916,6917
6917,141
6918,32
6919,335
6920,335
6921,97
6922,335
6923,335
6924,335
6925,335
6926,335
6927,335
6928,335
6929,335
6930,6004
6931,335
6932,335
6933,332
6934,335
6935,53
6936,335
6937,335
6938,6939
6939,218
6940,335
6941,1193
6942,3141
6943,6944
6944,1642
6945,4945
6946,1277
6947,3386
6948,6949
6949,1316
6950,6951
6951,20
6952,357
6953,6954
6954,6955
6955,6956
6956,16
6957,6958
6958,6959
6959,56
6960,6953
6961,6962
6962,6963
6963,6964
6964,1094
6965,6954
6966,6967
6967,335
6968,697
6969,4488
6970,331
6971,4488
6972,57
6973,4488
6974,6505
6975,529
6976,107
6977,4134
6978,1450
6979,6951
6980,3488
6981,3483
6982,2649
6983,684
6984,303
6985,303
6986,6987
6987,37
6988,6989
6989,57
6990,78
6991,684
6992,6993
6993,6949
6994,4209
6995,25
6996,335
6997,6998
6998,2011
6999,5997
7000,7001
7001,1908
7002,1964
7003,331
7005,282
7006,7007
7007,7008
7008,31
7009,1357
7010,7011
7011,7012
7012,540
7013,335
7014,335
7015,335
7016,7017
7017,1656
7019,7020
7020,87
7021,7022
7022,294
7023,3056
7024,335
7025,7026
7026,216
7027,7028
7028,335
7029,32
7030,7031
7031,7032
7032,25
7033,787
7034,2814
7035,3567
7036,3567
7037,3567
7038,3567
7039,72
7040,7041
7041,7042
7042,7043
7043,3057
7044,335
7045,335
7046,303
7047,3567
7048,3567
7049,3567
7050,3567
7051,3567
7052,3567
7053,3567
7054,335
7055,3567
7056,303
7057,3567
7058,3567
7059,3567
7060,335
7061,7062
7062,767
7063,2133
7064,234
7065,925
7066,32
7067,7068
7068,234
7069,43
7925,303
7926,335
7927,303
7928,303
7929,303
7930,303
7931,7932
7932,113
7933,303
7934,303
7935,1005
7936,1277
7937,7938
7938,331
7939,303
7940,303
7941,303
7942,303
7943,303
7944,303
7945,303
7946,303
7947,303
7948,303
7949,72
7950,7951
7951,7952
7952,7953
7953,1448
7954,1174
7955,987
7956,3235
7957,303
7958,303
7959,303
7960,303
7961,303
7962,303
7963,303
7964,303
7965,303
7966,303
7967,303
7968,303
7969,7970
7970,177
7971,303
7972,303
7973,331
7974,303
7975,303
7976,303
7977,7978
7978,76
7979,1433
7980,107
7981,163
7982,335
7983,335
7984,1367
7985,335
7986,335
7987,335
7988,335
7989,335
7990,335
7991,335
7992,335
7993,335
7994,890
7995,1082
7997,3119
7998,335
7999,335
8000,335
8001,335
8002,335
8003,335
8004,335
8005,303
8006,303
8007,303
8008,303
8009,72
8010,3567
8011,303
8012,303
8013,303
8014,8015
8015,331
8016,517
8017,923
8018,234
8020,3567
8021,303
8022,303
8023,303
8024,303
8025,1884
8026,3567
8027,303
8028,72
8029,72
8030,72
8031,8032
8032,331
8033,6291
8034,335
8035,335
8036,335
8037,335
8038,335
8039,335
8040,335
8041,335
8042,335
8043,335
8044,335
8045,335
8046,335
8047,3567
8048,335
8049,72
8050,303
8051,335
8052,303
8053,331
8054,8055
8055,8056
8056,234
8057,335
8058,303
8059,72
8060,303
8061,8062
8062,8063
8063,507
8064,1
8065,1367
8066,6922
8067,303
8068,303
8069,303
8070,303
8071,303
8072,303
8073,303
8074,3567
8075,303
8076,303
8077,8067
8078,8073
8079,303
8080,303
8081,303
8082,303
8083,303
8084,303
8085,303
8086,303
8087,303
8088,303
8089,303
8090,331
8091,594
8092,303
8093,303
8094,303
8095,303
8096,3567
8097,303
8098,303
8099,303
8100,3242
8101,1881
8102,303
8103,303
8104,303
8105,303
8106,303
8107,303
8108,303
8109,303
8110,31
8111,1277
8112,8113
8113,508
8114,508
8115,8116
8116,8117
8117,332
8118,8119
8119,1568
8120,4134
8121,335
8122,335
8123,335
8124,335
8125,335
8126,335
8127,561
8128,335
8129,8130
8130,164
8131,8132
8132,8133
8134,335
8135,335
8136,335
8137,335
8138,335
8139,335
8140,335
8141,335
8142,335
8143,335
8144,335
8145,335
8146,335
8147,335
8148,335
8149,335
8150,2127
8151,335
8152,335
8153,335
8154,335
8155,335
8156,335
8157,335
8158,335
8159,335
8160,335
8161,335
8162,335
8163,335
8164,335
8165,335
8166,335
8167,335
8168,335
8169,335
8170,335
8171,335
8172,335
8173,335
8174,335
8175,335
8176,335
8177,335
8178,335
8179,335
8180,335
8181,335
8182,335
8183,335
8184,335
8185,335
8186,335
8187,335
8188,335
8189,335
8190,335
8191,335
8192,335
8193,335
8194,335
8195,335
8196,335
8197,335
8198,335
8199,8200
8200,8201
8201,8202
8202,4191
8203,335
8204,335
8205,335
8206,335
8207,335
8208,335
8209,335
8210,335
8211,335
8212,335
8213,335
8214,335
8215,335
8216,335
8217,335
8218,335
8219,335
8220,163
8221,335
8222,335
8223,335
8224,335
8225,335
8226,335
8227,335
8228,335
8229,335
8230,417
8231,335
8232,335
8233,335
8234,335
8235,335
8236,335
8237,335
8238,335
8239,335
8240,335
8241,335
8242,335
8243,335
8244,335
8245,335
8246,335
8247,335
8248,335
8249,335
8250,335
8251,335
8252,335
8253,335
8254,335
8255,335
8256,335
8257,335
8258,335
8259,335
8260,335
8261,335
8262,335
8263,340
8264,539
8265,8266
8266,2029
8267,303
8268,331
8269,303
8270,303
8271,303
8272,303
8273,303
8274,8275
8275,5682
8276,3567
8277,303
8278,1964
8279,82
8280,3567
8281,3567
8282,3567
8283,3567
8284,3567
8285,3567
8286,3567
8287,3567
8288,3567
8289,8290
8290,1781
8291,763
8292,8293
8293,672
8294,8295
8295,1878
8296,303
8297,303
8298,303
8299,303
8300,303
8301,303
8302,72
8303,303
8304,303
8305,303
8306,303
8307,303
8308,303
8309,303
8310,303
8311,303
8312,303
8313,303
8314,331
8315,303
8316,303
8317,303
8318,303
8319,303
8320,303
8321,303
8322,72
8323,303
8324,303
8325,303
8326,303
8327,303
8328,8329
8329,5226
8330,107
8331,1152
8332,8333
8333,8056
8334,335
8335,3483
8336,4127
8337,8338
8338,8339
8339,54
8340,8341
8341,2210
8342,138
8343,973
8344,8193
8345,335
8346,335
8347,335
8348,335
8349,335
8350,335
8351,335
8352,335
8353,335
8354,335
8355,335
8356,335
8357,335
8358,335
8359,335
8360,335
8361,335
8362,335
8363,335
8364,335
8365,335
8366,335
8367,335
8368,335
8369,335
8370,335
8371,335
8372,335
8373,335
8374,335
8375,335
8376,335
8377,335
8378,335
8379,335
8380,335
8381,335
8382,335
8383,335
8384,335
8385,335
8386,335
8387,335
8388,335
8389,335
8390,335
8391,335
8392,335
8393,335
8394,335
8395,335
8396,335
8397,335
8398,335
8399,8400
8400,1193
8401,1427
8402,72
8403,163
8404,8405
8405,8406
8406,215
8407,897
8408,2435
8409,163
8410,2078
8411,5238
8412,8413
8413,8414
8414,1082
8415,557
8416,1433
8417,950
8418,2228
8419,331
8420,3412
8421,2228
8422,2228
8423,5524
8424,2228
8425,8426
8426,8
8427,950
8428,3174
8429,2228
8430,8431
8431,8432
8432,8433
8433,1615
8434,8435
8435,2228
8436,8044
8437,331
8438,2228
8439,2228
8440,8441
8441,107
8442,2228
8443,2127
8444,3183
8445,2228
8446,6016
8447,2228
8448,2228
8449,2156
8451,1376
8452,8453
8453,335
8454,8455
8455,163
8456,8457
8457,1414
8458,8459
8459,8459
8460,8461
8461,163
8462,8463
8463,770
8464,1464
8465,331
8466,2613
8467,163
8468,172
8469,331
8470,172
8471,1881
8472,1433
8473,4741
8474,2268
8475,2159
8476,8366
8477,2159
8478,347
8479,463
8480,463
8481,3361
8482,763
8483,8484
8484,76
8485,331
8486,8487
8487,8488
8488,6780
8489,303
8490,8491
8491,8492
8492,8493
8493,1125
8494,8495
8495,8496
8496,8
8497,866
8498,8499
8499,541
8500,89
8501,8502
8502,2845
8503,331
8504,866
8505,866
8506,866
8507,872
8508,874
8509,866
8510,1780
8511,172
8512,8513
8513,331
8514,7999
8515,163
8516,172
8517,163
8518,331
8519,331
8520,763
8521,3170
8522,3172
8523,163
8524,76
8525,195
8526,163
8527,1964
8528,331
8529,763
8530,331
8531,763
8532,331
8533,763
8534,8535
8535,8536
8536,1554
8537,8538
8538,8539
8539,8540
8540,303
8541,8542
8542,1093
8543,331
8544,163
8545,163
8546,1964
8547,163
8548,331
8549,163
8550,163
8551,1964
8552,163
8553,163
8554,163
8555,331
8556,1964
8557,763
8558,163
8559,163
8560,163
8561,420
8562,1964
8563,163
8564,163
8565,331
8566,1964
8567,163
8568,331
8569,331
8570,331
8571,331
8572,331
8573,331
8574,8575
8575,8576
8576,4830
8577,331
8578,331
8579,1062
8580,331
8581,331
8582,331
8583,8584
8584,8585
8585,9
8586,331
8587,331
8588,3224
8589,164
8590,8591
8591,8592
8592,3457
8593,3108
8594,164
8595,3108
8596,3108
8597,3108
8598,1464
8599,3108
8600,3108
8601,3108
8602,7837
8603,163
8604,163
8605,163
8606,1964
8607,163
8608,1964
8609,163
8610,3559
8611,558
8612,143
8613,8614
8614,4
8615,163
8616,163
8617,3233
8618,331
8619,1964
8620,163
8621,163
8622,163
8623,1964
8624,163
8625,8
8626,8627
8627,420
8628,163
8629,163
8630,163
8631,163
8632,529
8633,96
8634,163
8635,5862
8636,400
8637,8638
8638,37
8639,1242
8640,8641
8641,165
8642,163
8643,163
8644,163
8645,163
8646,163
8647,1964
8648,163
8649,4634
8650,8651
8651,597
8652,37
8653,8654
8654,774
8655,1983
8656,197
8657,2040
8658,420
8659,569
8660,259
8661,226
8662,8663
8663,1443
8664,78
8665,53
8666,3034
8667,683
8668,3034
8669,802
8670,4832
8671,331
8672,1566
8673,331
8674,2649
8675,8674
8676,3412
8677,8678
8678,632
8679,1995
8680,1988
8681,163
8682,1964
8683,163
8684,163
8685,163
8686,1964
8687,163
8688,8689
8689,576
8690,1302
8691,8692
8692,8693
8693,8694
8694,4294
8695,1964
8696,8697
8697,8698
8698,31
8699,2833
8700,6714
8701,950
8702,8703
8703,76
8704,1269
8705,290
8706,8707
8707,3205
8708,2696
8709,1271
8710,592
8711,2600
8712,331
8713,263
8714,624
8715,400
8716,2138
8717,8718
8718,5937
8719,1207
8720,8721
8721,2034
8722,8723
8723,8724
8724,8725
8725,8726
8726,159
8727,8728
8728,1125
8729,8730
8730,36
8731,680
8732,8733
8733,1427
8734,8735
8735,8736
8736,1113
8737,541
8738,8739
8739,3412
8740,8741
8741,3483
8742,950
8743,163
8744,163
8745,305
8746,8747
8747,8748
8748,8749
8749,2814
8750,1964
8751,69
8752,8539
8753,1095
8754,680
8755,8756
8756,8757
8757,8756
8758,1095
8759,8753
8760,2902
8761,2525
8762,6418
8763,8753
8764,8765
8765,6418
8766,8767
8767,468
8768,306
8769,680
8770,680
8771,8772
8772,2368
8773,8774
8774,8774
8775,8776
8776,8777
8777,541
8778,6417
8779,1964
8780,163
8781,163
8782,163
8783,1964
8784,163
8785,163
8786,163
8787,1964
8788,163
8789,163
8790,163
8791,1964
8792,163
8793,303
8794,163
8795,1964
8796,163
8797,163
8798,163
8799,1964
8800,8801
8801,8802
8802,234
8803,234
8804,1047
8805,4191
8806,331
8807,172
8808,8341
8809,8810
8810,8811
8811,177
8812,8813
8813,8814
8814,6746
8815,3119
8816,8817
8817,51
8818,1414
8819,2259
8820,803
8822,8823
8823,2501
8825,2307
8826,1470
8827,163
8828,1964
8829,163
8830,331
8831,763
8832,1988
8833,1988
8834,2435
8835,144
8836,524
8837,883
8838,8839
8839,118
8840,5524
8841,2228
8842,2228
8843,2228
8844,2228
8845,5524
8846,8847
8847,3159
8848,8435
8849,8850
8850,107
8851,373
8852,8853
8853,1615
8854,8855
8855,8856
8856,2128
8857,3093
8858,2228
8859,90
8860,2228
8861,8862
8862,3631
8863,3367
8864,2228
8865,3189
8866,2228
8867,8868
8868,107
8869,8870
8870,107
8871,8872
8872,8873
8873,4655
8874,2228
8875,3264
8876,2228
8877,3226
8878,3225
8879,3217
8880,3310
8881,2228
8882,2228
8883,2228
8884,1615
8885,3270
8886,5524
8887,2228
8888,2228
8889,3243
8890,8891
8891,3023
8892,8048
8893,3555
8894,2228
8895,8896
8896,3206
8897,1908
8898,1387
8899,3233
8900,5524
8901,3235
8902,2227
8903,8707
8904,8905
8905,8906
8907,8905
8908,257
8909,502
8910,5524
8911,8891
8912,2228
8913,3451
8914,5890
8915,3453
8916,5524
8917,3477
8918,3305
8919,2228
8920,2228
8921,3517
8923,8924
8924,8355
8925,473
8926,163
8927,163
8928,1964
8929,569
8930,8931
8931,5853
8932,331
8933,8934
8934,331
8935,1988
8936,8414
8937,331
8938,420
8939,5354
8940,1903
8941,53
8942,214
8943,8944
8944,1790
8945,8946
8946,5116
8947,8948
8948,331
8949,8950
8950,8951
8951,8952
8952,8953
8953,8954
8954,4655
8955,163
8956,5360
8957,8958
8958,8959
8959,8960
8960,4392
8961,8962
8962,8963
8963,2934
8964,995
8965,4191
8966,8967
8967,8968
8968,208
8969,624
8970,6573
8971,363
8972,3362
8973,331
8974,1000
8975,8976
8977,8978
8978,8979
8979,8689
8980,295
8981,8982
8982,2235
8983,163
8984,1534
8985,8986
8986,12
8987,3285
8988,8979
8989,101
8990,4171
8991,8992
8992,6758
8993,8994
8994,4617
8995,3028
8996,8993
8997,704
8998,2420
8999,2420
9000,335
9001,335
9002,335
9003,2420
9004,2420
9005,2420
9006,2420
9007,2420
9008,956
9009,683
9010,956
9011,956
9012,956
9013,9014
9014,89
9015,956
9016,956
9017,956
9018,956
9019,9020
9021,956
9022,956
9023,9024
9024,53
9025,3161
9026,9027
9027,331
9028,1988
9029,1733
9031,9032
9032,335
9033,331
9034,1058
9035,47
9036,2564
9037,790
9038,69
9039,9
9040,70
9041,1094
9042,2727
9043,9044
9044,272
9045,9046
9046,9047
9047,9
9048,9049
9049,9047
9050,9047
9051,3234
9052,331
9053,9054
9054,9055
9055,2311
9056,70
9057,9058
9058,9059
9059,2451
9060,9061
9061,9047
9062,1840
9063,1844
9064,290
9065,331
9066,7556
9067,331
9068,9069
9069,10
9070,9071
9071,331
9072,9073
9073,76
9074,331
9075,331
9076,331
9077,9078
9078,9079
9079,9080
9080,9081
9081,802
9082,331
9083,9084
9085,1319
9086,331
9087,5468
9088,6001
9089,76
9090,72
9091,3567
9092,9093
9093,9094
9094,9095
9095,3609
9096,9097
9097,9098
9098,3412
9099,8373
9100,7022
9101,5948
9102,9103
9103,6954
9104,3219
9105,9106
9106,3485
9107,3485
9110,9111
9112,163
9113,9114
9114,9115
9115,802
9116,9117
9117,507
9118,2228
9119,89
9120,9114
9121,3208
9122,5077
9123,9124
9124,9125
9125,2220
9126,2562
9127,2562
9128,2503
9129,395
9130,9131
9131,909
9132,1915
9133,5524
9134,2383
9135,5524
9136,2198
9137,2228
9138,1910
9139,9140
9140,2227
9141,3450
9142,2228
9143,2228
9144,8431
9145,3363
9146,3512
9147,2228
9148,9149
9149,738
9150,3346
9151,2228
9152,3283
9153,1415
9154,3282
9155,2228
9156,3281
9157,2228
9158,420
9159,5524
9160,8238
9161,3465
9162,2228
9163,3434
9164,531
9165,9166
9166,9167
9167,9168
9168,9167
9169,3376
9170,3250
9171,2228
9172,2228
9173,2228
9174,2228
9175,3353
9176,9177
9177,9178
9178,3379
9179,2228
9180,2228
9181,2318
9182,3354
9183,3352
9184,3279
9185,3355
9186,9187
9187,860
9188,2228
9189,2228
9190,2228
9191,6874
9192,1905
9193,172
9194,9195
9195,9196
9196,9197
9197,3034
9198,340
9199,9200
9200,25
9201,25
9202,558
9203,9204
9204,9205
9206,9207
9207,802
9208,6623
9209,9210
9210,9211
9211,1137
9212,683
9213,331
9214,172
9215,254
9216,331
9217,1964
9218,163
9219,163
9220,107
9221,541
9222,51
9223,331
9224,9225
9225,9226
9226,494
9227,3161
9228,9229
9229,1269
9230,3133
9231,331
9232,1964
9233,2912
9234,600
9235,119
9236,9237
9237,419
9238,331
9239,3485
9240,518
9241,9242
9242,9243
9243,43
9244,9245
